Workbook

Sheet Draft Board
A1: id | C1: name | D1: team | E1: position | F1: pick_number | G1: pick_player | H1: matches | I1: availability | J1: pts_avg_played | K1: pts_avg_all | L1: pts_std_played | M1: tier_position | N1: adp_position | O1: dvs_position_adj | P1: dvs_position | Q1: pts_z_played__vs_top_position | R1: pts_z_all__vs_top_position | S1: pts_avg_played__vs_top_position | T1: pts_avg_all__vs_top_position | U1: tier_general | V1: adp_general | W1: dvs_general_adj | X1: dvs_general | Y1: pts_z_played__vs_top_general | Z1: pts_z_all__vs_top_general | AA1: pts_avg_played__vs_top_general | AB1: pts_avg_all__vs_top_general
A2: 103445 | C2: Kaio Jorge | D2: CRU | E2: AT | F2: 1 | G2: =IFERROR(VLOOKUP(F2,Picks!$A$2:$B$231,2,0),"") -> Massa | H2: 33 | I2: 0.86842105 | J2: 9.46 | K2: 8.2152632 | L2: 2.1224552 | M2: S+ | N2: 1 | O2: 3.0287434 | P2: 3.1532123 | Q2: 2.9111844 | R2: 3.5162542 | S2: 3.7886667 | T2: 3.8563306 | U2: S+ | V2: 1 | W2: 4.0848217 | X2: 4.252691 | Y2: 4.1222086 | Z2: 4.4484147 | AA2: 4.55945 | AB2: 4.8135663
A3: 114802 | C3: Vitor Roque | D3: PAL | E3: AT | F3: 2 | G3: =IFERROR(VLOOKUP(F3,Picks!$A$2:$B$231,2,0),"") -> Vidal | H3: 31 | I3: 0.81578947 | J3: 8.31 | K3: 6.7792105 | L3: 1.9073868 | M3: S | N3: 2 | O3: 1.9832449 | P3: 2.0992564 | Q3: 2.0275326 | R3: 2.2068421 | S3: 2.6386667 | T3: 2.420278 | U3: S+ | V3: 3 | W3: 2.9268084 | X3: 3.0980144 | Y3: 3.0824911 | Z3: 3.1212993 | AA3: 3.40945 | AB3: 3.3775136
A4: 87863 | C4: Arrascaeta | D4: FLA | E4: MD | F4: 3 | G4: =IFERROR(VLOOKUP(F4,Picks!$A$2:$B$231,2,0),"") -> Fellipe | H4: 32 | I4: 0.84210526 | J4: 9.32 | K4: 7.8484211 | L4: 2.4696137 | M4: S+ | N4: 1 | O4: 3.449584 | P4: 3.6211103 | Q4: 3.5688174 | R4: 3.6995497 | S4: 4.4426667 | T4: 4.2508008 | U4: S+ | V4: 2 | W4: 3.8497184 | X4: 4.0411409 | Y4: 3.9956343 | Z4: 4.1094008 | AA4: 4.41945 | AB4: 4.4467241
A5: 94583 | C5: Pedro | D5: FLA | E5: AT | F5: 4 | G5: =IFERROR(VLOOKUP(F5,Picks!$A$2:$B$231,2,0),"") -> Carlos | H5: 21 | I5: 0.55263158 | J5: 7.74 | K5: 4.2773684 | L5: 2.9074624 | M5: S | N5: 5 | O5: 0.79997278 | P5: 0.92398072 | Q5: 1.5895487 | R5: -0.074371235 | S5: 2.0686667 | T5: -0.08156409 | U5: S | V5: 8 | W5: 1.6138224 | X5: 1.8639894 | Y5: 2.5671529 | Z5: 0.80924408 | AA5: 2.83945 | AB5: 0.87567151
A6: 96610 | C6: Matheus Pereira | D6: CRU | E6: MD | F6: 5 | G6: =IFERROR(VLOOKUP(F6,Picks!$A$2:$B$231,2,0),"") -> Fernando | H6: 34 | I6: 0.89473684 | J6: 7.03 | K6: 6.29 | L6: 1.8813904 | M6: S | N6: 2 | O6: 1.9124766 | P6: 1.97484 | Q6: 1.7292484 | R6: 2.3432274 | S6: 2.1526667 | T6: 2.6923798 | U6: S+ | V6: 4 | W6: 2.1526297 | X6: 2.2228241 | Y6: 1.9252404 | Z6: 2.6691997 | AA6: 2.12945 | AB6: 2.8883031
A7: 113103 | C7: Flaco López | D7: PAL | E7: AT | F7: 6 | G7: =IFERROR(VLOOKUP(F7,Picks!$A$2:$B$231,2,0),"") -> Rodolfo | H7: 30 | I7: 0.78947368 | J7: 6.8 | K7: 5.3684211 | L7: 1.267182 | M7: S | N7: 4 | O7: 0.83242331 | P7: 0.88854174 | Q7: 0.8672594 | R7: 0.92046524 | S7: 1.1286667 | T7: 1.0094885 | U7: S+ | V7: 6 | W7: 1.6463973 | X7: 1.7573904 | Y7: 1.7172969 | Z7: 1.8175307 | AA7: 1.89945 | AB7: 1.9667241
A8: 105563 | C8: Carlos Vinícius | D8: GRE | E8: AT | F8: 7 | G8: =IFERROR(VLOOKUP(F8,Picks!$A$2:$B$231,2,0),"") -> Petindá | H8: 13 | I8: 0.56521739 | J8: 7.97 | K8: 4.5047826 | L8: 3.0596222 | M8: S | N8: 3 | O8: 0.96779362 | P8: 1.1129627 | Q8: 1.766279 | R8: 0.13298808 | S8: 2.2986667 | T8: 0.1458501 | U8: S+ | V8: 5 | W8: 1.8024527 | X8: 2.0728206 | Y8: 2.7750964 | Z8: 1.0194069 | AA8: 3.06945 | AB8: 1.1030857
A9: 39148 | C9: Hulk | D9: CAM | E9: AT | F9: 8 | G9: =IFERROR(VLOOKUP(F9,Picks!$A$2:$B$231,2,0),"") -> Fochesato | H9: 27 | I9: 0.71052632 | J9: 6.19 | K9: 4.3981579 | L9: 1.1328216 | M9: A | N9: 10 | O9: 0.23142192 | P9: 0.25343035 | Q9: 0.39853976 | R9: 0.035766233 | S9: 0.51866667 | T9: 0.039225384 | U9: S- | V9: 14 | W9: 0.9750928 | X9: 1.067825 | Y9: 1.1657945 | Z9: 0.9208706 | AA9: 1.28945 | AB9: 0.99646099
A10: 83257 | C10: Gabriel | D10: SAN | E10: AT | F10: 9 | G10: =IFERROR(VLOOKUP(F10,Picks!$A$2:$B$231,2,0),"") -> Anuda | H10: 30 | I10: 0.78947368 | J10: 3.02 | K10: 2.3842105 | L10: 0.74620314 | M10: A- | N10: 20 | O10: -1.8199007 | P10: -1.9425906 | Q10: -2.0372656 | R10: -1.8005781 | S10: -2.6513333 | T10: -1.974722 | U10: A+ | V10: 63 | W10: -1.3080621 | X10: -1.396246 | Y10: -1.7002093 | Z10: -0.94030104 | AA10: -1.88055 | AB10: -1.0174864
A11: 100652 | C11: Yuri Alberto | D11: COR | E11: AT | F11: 10 | G11: =IFERROR(VLOOKUP(F11,Picks!$A$2:$B$231,2,0),"") -> Sousa | H11: 26 | I11: 0.68421053 | J11: 5.64 | K11: 3.8589474 | L11: 1.1321108 | M11: A+ | N11: 8 | O11: -0.17815856 | P11: -0.19680306 | Q11: -0.024076309 | R11: -0.45589318 | S11: -0.031333333 | T11: -0.49998514 | U11: A+ | V11: 23 | W11: 0.51613452 | X11: 0.5701486 | Y11: 0.66853835 | Z11: 0.42256397 | AA11: 0.73945 | AB11: 0.45725046
A12: 85048 | C12: Memphis Depay | D12: COR | E12: AT | F12: 11 | G12: =IFERROR(VLOOKUP(F12,Picks!$A$2:$B$231,2,0),"") -> Sousa | H12: 23 | I12: 0.60526316 | J12: 4.98 | K12: 3.0142105 | L12: 2.6377477 | M12: A- | N12: 19 | O12: -0.71335923 | P12: -0.8091836 | Q12: -0.53121559 | R12: -1.2261356 | S12: -0.69133333 | T12: -1.344722 | U12: B+ | V12: 62 | W12: -0.088279812 | X12: -0.10013829 | Y12: 0.071830917 | Z12: -0.35809211 | AA12: 0.07945 | AB12: -0.38748638
A13: 84735 | C13: Jorginho | D13: FLA | E13: MD | F13: 12 | G13: =IFERROR(VLOOKUP(F13,Picks!$A$2:$B$231,2,0),"") -> Anuda | H13: 17 | I13: 0.62962963 | J13: 3.61 | K13: 2.272963 | L13: 0.86994318 | M13: B | N13: 30 | O13: -0.95287348 | P13: -1.0719827 | Q13: -1.0180555 | R13: -1.1528734 | S13: -1.2673333 | T13: -1.3246572 | U13: C+ | V13: 136 | W13: -0.99317087 | X13: -1.1173172 | Y13: -1.1667891 | Z13: -1.0431095 | AA13: -1.29055 | AB13: -1.1287339
... A24: 142890 | C24: Montoro | D24: BOT | E24: MD | F24: 23 | G24: =IFERROR(VLOOKUP(F24,Picks!$A$2:$B$231,2,0),"") -> Fellipe | H24: 14 | I24: 0.51851852 | J24: 4.9 | K24: 2.5407407 | L24: 1.0598053 | M24: A+ | N24: 8 | O24: -0.30543646 | P24: -0.35700366 | Q24: 0.018208252 | R24: -0.91982153 | S24: 0.022666667 | T24: -1.0568795 | U24: B+ | V24: 64 | W24: -0.27254267 | X24: -0.31855636 | Y24: -0.00049725619 | Z24: -0.79564502 | AA24: -0.00055 | AB24: -0.86095617
A25: 112709 | C25: Kaiki Bruno | D25: CRU | E25: FB | F25: 24 | G25: =IFERROR(VLOOKUP(F25,Picks!$A$2:$B$231,2,0),"") -> Carlos | H25: 34 | I25: 0.89473684 | J25: 7.34 | K25: 6.5673684 | L25: 1.3489804 | O25: 1.4380753 | P25: 1.484969 | Q25: 1.1270009 | R25: 2.0219212 | S25: 1.0025 | T25: 1.8417753 | W25: 2.4147755 | X25: 2.4935181 | Y25: 2.205512 | Z25: 2.9255273 | AA25: 2.43945 | AB25: 3.1656715
A26: 89275 | C26: William | D26: CRU | E26: FB | F26: 25 | G26: =IFERROR(VLOOKUP(F26,Picks!$A$2:$B$231,2,0),"") -> Fernando | H26: 30 | I26: 0.78947368 | J26: 7.39 | K26: 5.8342105 | L26: 2.3231651 | M26: S | N26: 3 | O26: 1.1211632 | P26: 1.1967472 | Q26: 1.1832104 | R26: 1.2170524 | S26: 1.0525 | T26: 1.1086174 | U26: S | V26: 13 | W26: 2.1075431 | X26: 2.2496247 | Y26: 2.2507171 | Z26: 2.2479859 | AA26: 2.48945 | AB26: 2.4325136
A27: 72493 | C27: Alex Telles | D27: BOT | E27: FB | F27: 26 | G27: =IFERROR(VLOOKUP(F27,Picks!$A$2:$B$231,2,0),"") -> Rodolfo | H27: 23 | I27: 0.60526316 | J27: 5.71 | K27: 3.4560526 | L27: 1.0131157 | M27: B+ | N27: 13 | O27: -0.86460319 | P27: -0.98074392 | Q27: -0.7054295 | R27: -1.3937155 | S27: -0.6275 | T27: -1.2695405 | U27: A | V27: 36 | W27: 0.40481069 | X27: 0.45918824 | Y27: 0.7318255 | Z27: 0.050232361 | AA27: 0.80945 | AB27: 0.054355724
A28: 89256 | C28: Gerson | D28: CRU | E28: MD | F28: 27 | G28: =IFERROR(VLOOKUP(F28,Picks!$A$2:$B$231,2,0),"") -> Petindá | M28: B | N28: 36 | U28: B- | V28: 105
A29: 105436 | C29: Carrascal | D29: FLA | E29: MD | F29: 28 | G29: =IFERROR(VLOOKUP(F29,Picks!$A$2:$B$231,2,0),"") -> Fochesato | H29: 15 | I29: 0.71428571 | J29: 5.33 | K29: 3.8071429 | L29: 2.1900874 | M29: A+ | N29: 7 | O29: 0.26616527 | P29: 0.29111826 | Q29: 0.3636295 | R29: 0.1823514 | S29: 0.45266667 | T29: 0.20952265 | U29: A | V29: 35 | W29: 0.35002123 | X29: 0.38283572 | Y29: 0.38826668 | Z29: 0.37468929 | AA29: 0.42945 | AB29: 0.40544595
A30: 86757 | C30: Everton | D30: FLA | E30: AT | F30: 29 | G30: =IFERROR(VLOOKUP(F30,Picks!$A$2:$B$231,2,0),"") -> Anuda | H30: 21 | I30: 0.55263158 | J30: 2.27 | K30: 1.2544737 | L30: 0.81094789 | M30: D | N30: 62 | O30: -2.3379875 | P30: -2.7004111 | Q30: -2.6135602 | R30: -2.8306874 | S30: -3.4013333 | T30: -3.1044588 | U30: D+ | V30: 242 | W30: -1.9226643 | X30: -2.2207065 | Y30: -2.378286 | Z30: -1.9843373 | AA30: -2.63055 | AB30: -2.1472232
A31: 83528 | C31: Léo Pereira | D31: FLA | E31: CB | F31: 30 | G31: =IFERROR(VLOOKUP(F31,Picks!$A$2:$B$231,2,0),"") -> Sousa | H31: 32 | I31: 0.84210526 | J31: 4.84 | K31: 4.0757895 | L31: 0.86887122 | M31: S | N31: 1 | O31: 0.49900605 | P31: 0.5238185 | Q31: -0.042840841 | R31: 1.3738075 | S31: -0.017 | T31: 0.76218431 | U31: A | V31: 38 | W31: 0.20608912 | X31: 0.21633664 | Y31: -0.054743386 | Z31: 0.62295668 | AA31: -0.06055 | AB31: 0.67409257
A32: 61987 | C32: Alex Sandro | D32: FLA | E32: FB | F32: 31 | G32: =IFERROR(VLOOKUP(F32,Picks!$A$2:$B$231,2,0),"") -> Sousa | H32: 20 | I32: 0.52631579 | J32: 3.99 | K32: 2.1 | L32: 0.85487374 | M32: C | N32: 34 | O32: -2.3475297 | P32: -2.7363843 | Q32: -2.6390371 | R32: -2.8824051 | S32: -2.3475 | T32: -2.6255931 | U32: C | V32: 160 | W32: -0.83654929 | X32: -0.97511881 | Y32: -0.82323023 | Z32: -1.2029517 | AA32: -0.91055 | AB32: -1.3016969
A33: 97867 | C33: Léo Ortiz | D33: FLA | E33: CB | F33: 32 | G33: =IFERROR(VLOOKUP(F33,Picks!$A$2:$B$231,2,0),"") -> Anuda | H33: 26 | I33: 0.68421053 | J33: 4.77 | K33: 3.2636842 | L33: 1.4357056 | M33: A | N33: 10 | O33: -0.15166672 | P33: -0.16753881 | Q33: -0.21924431 | R33: -0.089980574 | S33: -0.087 | T33: -0.049920954 | U33: B- | V33: 112 | W33: -0.11029329 | X33: -0.12183561 | Y33: -0.11803054 | Z33: -0.12754321 | AA33: -0.13055 | AB33: -0.1380127
A34: 92854 | C34: Borré | D34: INT | E34: AT | F34: 33 | G34: =IFERROR(VLOOKUP(F34,Picks!$A$2:$B$231,2,0),"") -> Fochesato | H34: 29 | I34: 0.76315789 | J34: 3.98 | K34: 3.0373684 | L34: 0.74314358 | M34: C+ | N34: 43 | O34: -1.1721207 | P34: -1.261773 | Q34: -1.2996085 | R34: -1.2050199 | S34: -1.6913333 | T34: -1.3215641 | U34: C+ | V34: 126 | W34: -0.58898898 | X34: -0.63403913 | Y34: -0.83227125 | Z34: -0.33669095 | AA34: -0.92055 | AB34: -0.36432849
A35: 109573 | C35: Martinelli | D35: FLU | E35: MD | F35: 34 | G35: =IFERROR(VLOOKUP(F35,Picks!$A$2:$B$231,2,0),"") -> Petindá | H35: 31 | I35: 0.81578947 | J35: 2.7 | K35: 2.2026316 | L35: 1.1331532 | M35: C | N35: 58 | O35: -1.4502387 | P35: -1.5350716 | Q35: -1.7490633 | R35: -1.2140841 | S35: -2.1773333 | T35: -1.3949886 | U35: C- | V35: 212 | W35: -1.5464921 | X35: -1.6369555 | Y35: -1.989522 | Z35: -1.1081056 | AA35: -2.20055 | AB35: -1.1990653
A36: 109401 | C36: Erick Pulga | D36: BAH | E36: AT | F36: 35 | G36: =IFERROR(VLOOKUP(F36,Picks!$A$2:$B$231,2,0),"") -> Rodolfo | H36: 24 | I36: 0.63157895 | J36: 5.64 | K36: 3.5621053 | L36: 1.2099467 | M36: A+ | N36: 9 | O36: -0.27135077 | P36: -0.30506891 | Q36: -0.024076309 | R36: -0.72655781 | S36: -0.031333333 | T36: -0.79682725 | U36: A+ | V36: 24 | W36: 0.40953058 | X36: 0.46041899 | Y36: 0.66853835 | Z36: 0.14823996 | AA36: 0.73945 | AB36: 0.16040836
A37: 132553 | C37: Jemmes | D37: FLU | E37: CB | F37: 36 | G37: =IFERROR(VLOOKUP(F37,Picks!$A$2:$B$231,2,0),"") -> Fernando | H37: 34 | I37: 0.91891892 | J37: 4.53 | K37: 4.1627027 | L37: 1.030088 | M37: A | N37: 8 | O37: 0.11488813 | P37: 0.11775238 | Q37: -0.82405618 | R37: 1.5304652 | S37: -0.327 | T37: 0.84909754 | U37: A- | V37: 58 | W37: 0.07834839 | X37: 0.080301674 | Y37: -0.33501506 | Z37: 0.70327677 | AA37: -0.37055 | AB37: 0.7610058
A38: 99552 | C38: Rossi | D38: FLA | E38: GK | F38: 37 | G38: =IFERROR(VLOOKUP(F38,Picks!$A$2:$B$231,2,0),"") -> Carlos | H38: 35 | I38: 0.92105263 | J38: 5.61 | K38: 5.1671053 | L38: 1.6156505 | M38: S+ | N38: 1 | O38: 0.58265806 | P38: 0.59679263 | Q38: 0.054826233 | R38: 1.4097422 | S38: 0.069 | T38: 1.0054651 | U38: S- | V38: 15 | W38: 1.0128727 | X38: 1.0374438 | Y38: 0.64141528 | Z38: 1.6314865 | AA38: 0.70945 | AB38: 1.7654084
A39: 109096 | C39: Plata | D39: FLA | E39: AT | F39: 38 | G39: =IFERROR(VLOOKUP(F39,Picks!$A$2:$B$231,2,0),"") -> Fellipe | H39: 27 | I39: 0.71052632 | J39: 3.25 | K39: 2.3092105 | L39: 0.94779117 | M39: D+ | N39: 59 | O39: -1.7020412 | P39: -1.8639068 | Q39: -1.8605352 | R39: -1.8689641 | S39: -2.4213333 | T39: -2.049722 | U39: D+ | V39: 231 | W39: -1.1863785 | X39: -1.2992041 | Y39: -1.4922658 | Z39: -1.0096116 | AA39: -1.65055 | AB39: -1.0924864
A40: 143193 | C40: Viveros | D40: CAP | E40: AT | F40: 39 | G40: =IFERROR(VLOOKUP(F40,Picks!$A$2:$B$231,2,0),"") -> Vidal | M40: B+ | N40: 26 | U40: A- | V40: 57
A41: 107093 | C41: Luciano Juba | D41: BAH | E41: FB | F41: 40 | G41: =IFERROR(VLOOKUP(F41,Picks!$A$2:$B$231,2,0),"") -> Massa | H41: 33 | I41: 0.86842105 | J41: 5.53 | K41: 4.8023684 | L41: 1.4546786 | M41: A | N41: 7 | O41: -0.49078703 | P41: -0.51095636 | Q41: -0.90778378 | R41: 0.084284775 | S41: -0.8075 | T41: 0.076775304 | U41: S- | V41: 17 | W41: 0.82530298 | X41: 0.85921954 | Y41: 0.56908711 | Z41: 1.2944182 | AA41: 0.62945 | AB41: 1.4006715
A42: 104084 | C42: Carlos Miguel | D42: PAL | E42: GK | F42: 41 | G42: =IFERROR(VLOOKUP(F42,Picks!$A$2:$B$231,2,0),"") -> Massa | H42: 6 | I42: 0.31578947 | J42: 8.52 | K42: 2.6905263 | L42: 4.3045122 | M42: S | N42: 3 | O42: 0.47301969 | P42: 0.59519034 | Q42: 2.367063 | R42: -2.0626187 | S42: 2.979 | T42: -1.4711138 | U42: S- | V42: 19 | W42: 1.3514681 | X42: 1.7005228 | Y42: 3.2723526 | Z42: -0.65722201 | AA42: 3.61945 | AB42: -0.71117059
A43: 70360 | C43: Eduardo Sasha | D43: RBB | E43: AT | F43: 42 | G43: =IFERROR(VLOOKUP(F43,Picks!$A$2:$B$231,2,0),"") -> Vidal | H43: 30 | I43: 0.78947368 | J43: 3.95 | K43: 3.1184211 | L43: 1.1402664 | M43: B- | N43: 38 | O43: -1.1673448 | P43: -1.2460422 | Q43: -1.3226602 | R43: -1.131115 | S43: -1.7213333 | T43: -1.2405115 | U43: B | V43: 93 | W43: -0.58117125 | X43: -0.62035134 | Y43: -0.85939432 | Z43: -0.26178687 | AA43: -0.95055 | AB43: -0.28327585
A44: 132071 | C44: Serna | D44: FLU | E44: AT | F44: 43 | G44: =IFERROR(VLOOKUP(F44,Picks!$A$2:$B$231,2,0),"") -> Fellipe | H44: 32 | I44: 0.84210526 | J44: 5.21 | K44: 4.3873684 | L44: 1.4420347 | M44: A | N44: 11 | O44: -0.19273627 | P44: -0.20231984 | Q44: -0.35448524 | R44: 0.025928246 | S44: -0.46133333 | T44: 0.02843591 | U44: A+ | V44: 28 | W44: 0.50701386 | X44: 0.53222449 | Y44: 0.27977442 | Z44: 0.91089961 | AA44: 0.30945 | AB44: 0.98567151
A45: 73384 | C45: Samuel Xavier | D45: FLU | E45: FB | F45: 44 | G45: =IFERROR(VLOOKUP(F45,Picks!$A$2:$B$231,2,0),"") -> Carlos | H45: 27 | I45: 0.71052632 | J45: 5.61 | K45: 3.9860526 | L45: 1.4276222 | M45: B | N45: 15 | O45: -0.7446432 | P45: -0.81545941 | Q45: -0.81784855 | R45: -0.8118757 | S45: -0.7275 | T45: -0.73954049 | U45: A | V45: 41 | W45: 0.54868009 | X45: 0.60086004 | Y45: 0.64141528 | Z45: 0.54002717 | AA45: 0.70945 | AB45: 0.58435572
A46: 42234 | C46: Cássio | D46: CRU | E46: GK | F46: 45 | G46: =IFERROR(VLOOKUP(F46,Picks!$A$2:$B$231,2,0),"") -> Fernando | H46: 35 | I46: 0.92105263 | J46: 5.52 | K46: 5.0842105 | L46: 1.0843089 | M46: S+ | N46: 2 | O46: 0.49537788 | P46: 0.50739513 | Q46: -0.016686245 | R46: 1.2935172 | S46: -0.021 | T46: 0.92257041 | U46: S- | V46: 18 | W46: 0.93529069 | X46: 0.95797968 | Y46: 0.56004609 | Z46: 1.5548801 | AA46: 0.61945 | AB46: 1.6825136
A47: 102928 | C47: Canobbio | D47: FLU | E47: AT | F47: 46 | G47: =IFERROR(VLOOKUP(F47,Picks!$A$2:$B$231,2,0),"") -> Rodolfo | H47: 28 | I47: 0.73684211 | J47: 5.28 | K47: 3.8905263 | L47: 1.0490683 | M47: A | N47: 12 | O47: -0.32352736 | P47: -0.35125827 | Q47: -0.30069774 | R47: -0.42709908 | S47: -0.39133333 | T47: -0.46840619 | U47: A | V47: 29 | W47: 0.3560199 | X47: 0.38653589 | Y47: 0.34306157 | Z47: 0.45174737 | AA47: 0.37945 | AB47: 0.48882941
A48: 99274 | C48: Alexander Barboza | D48: BOT | E48: CB | F48: 47 | G48: =IFERROR(VLOOKUP(F48,Picks!$A$2:$B$231,2,0),"") -> Petindá | H48: 21 | I48: 0.55263158 | J48: 5.05 | K48: 2.7907895 | L48: 1.155379 | M48: A+ | N48: 7 | O48: -0.073696202 | P48: -0.085120234 | Q48: 0.48636955 | R48: -0.94235491 | S48: 0.193 | T48: -0.52281569 | U48: B+ | V48: 66 | W48: -0.12532739 | X48: -0.14475504 | Y48: 0.13511807 | Z48: -0.5645647 | AA48: 0.14945 | AB48: -0.61090743
A49: 96591 | C49: Renan Lodi | D49: CAM | E49: FB | F49: 48 | G49: =IFERROR(VLOOKUP(F49,Picks!$A$2:$B$231,2,0),"") -> Fochesato | M49: A | N49: 9 | U49: A+ | V49: 27
A50: 101314 | C50: Ademir | D50: BAH | E50: AT | F50: 49 | G50: =IFERROR(VLOOKUP(F50,Picks!$A$2:$B$231,2,0),"") -> Anuda | H50: 29 | I50: 0.76315789 | J50: 4.65 | K50: 3.5486842 | L50: 0.98392138 | M50: B+ | N50: 22 | O50: -0.71193529 | P50: -0.76638927 | Q50: -0.78478524 | R50: -0.73879531 | S50: -1.0213333 | T50: -0.8102483 | U50: A- | V50: 61 | W50: -0.075782479 | X50: -0.081578873 | Y50: -0.2265228 | Z50: 0.13583702 | AA50: -0.25055 | AB50: 0.1469873
A51: 37656 | C51: Fábio | D51: FLU | E51: GK | F51: 50 | G51: =IFERROR(VLOOKUP(F51,Picks!$A$2:$B$231,2,0),"") -> Sousa | H51: 36 | I51: 0.94736842 | J51: 4.33 | K51: 4.1021053 | L51: 0.73809282 | M51: B | N51: 9 | O51: -0.60108996 | P51: -0.61073312 | Q51: -0.96224012 | R51: -0.083472602 | S51: -1.211 | T51: -0.059534851 | U51: B- | V51: 109 | W51: -0.049792019 | X51: -0.050590822 | Y51: -0.51583549 | Z51: 0.64727618 | AA51: -0.57055 | AB51: 0.70040836
A52: 102130 | C52: Piquerez | D52: PAL | E52: FB | F52: 51 | G52: =IFERROR(VLOOKUP(F52,Picks!$A$2:$B$231,2,0),"") -> Sousa | H52: 28 | I52: 0.73684211 | J52: 5.65 | K52: 4.1631579 | L52: 1.4467231 | M52: B+ | N52: 11 | O52: -0.6545991 | P52: -0.71070759 | Q52: -0.77288093 | R52: -0.61744759 | S52: -0.6875 | T52: -0.56243522 | U52: A | V52: 31 | W52: 0.63370871 | X52: 0.6880266 | Y52: 0.67757937 | Z52: 0.70369743 | AA52: 0.74945 | AB52: 0.76146099
A53: 141451 | C53: Allan | D53: PAL | E53: MD | F53: 52 | G53: =IFERROR(VLOOKUP(F53,Picks!$A$2:$B$231,2,0),"") -> Anuda | H53: 24 | I53: 0.63157895 | J53: 3.35 | K53: 2.1157895 | L53: 1.1233376 | M53: B- | N53: 43 | O53: -1.1136341 | P53: -1.2520147 | Q53: -1.2269149 | R53: -1.2896644 | S53: -1.5273333 | T53: -1.4818307 | U53: C | V53: 173 | W53: -1.1709542 | X53: -1.3164574 | Y53: -1.4018556 | Z53: -1.18836 | AA53: -1.55055 | AB53: -1.2859074
A54: 94968 | C54: Juninho Capixaba | D54: RBB | E54: FB | F54: 53 | G54: =IFERROR(VLOOKUP(F54,Picks!$A$2:$B$231,2,0),"") -> Fochesato | H54: 21 | I54: 0.55263158 | J54: 6.01 | K54: 3.3213158 | L54: 1.9047245 | M54: B+ | N54: 12 | O54: -0.72514706 | P54: -0.83755588 | Q54: -0.36817237 | R54: -1.5416311 | S54: -0.3275 | T54: -1.4042773 | U54: A | V54: 32 | W54: 0.49533573 | X54: 0.57212029 | Y54: 1.0030562 | Z54: -0.074283499 | AA54: 1.10945 | AB54: -0.080381118
A55: 105089 | C55: Tetê | D55: GRE | E55: AT | F55: 54 | G55: =IFERROR(VLOOKUP(F55,Picks!$A$2:$B$231,2,0),"") -> Petindá | M55: B | N55: 34 | U55: B+ | V55: 69
A56: 117632 | C56: Garro | D56: COR | E56: MD | F56: 55 | G56: =IFERROR(VLOOKUP(F56,Picks!$A$2:$B$231,2,0),"") -> Rodolfo | H56: 19 | I56: 0.5 | J56: 3.67 | K56: 1.835 | L56: 1.6417154 | M56: B | N56: 32 | O56: -1.016201 | P56: -1.1955306 | Q56: -0.96985719 | R56: -1.5340406 | S56: -1.2073333 | T56: -1.7626202 | U56: C+ | V56: 139 | W56: -1.0596656 | X56: -1.2466654 | Y56: -1.1125429 | Z56: -1.4478491 | AA56: -1.23055 | AB56: -1.5666969
A57: 92171 | C57: Arthur Cabral | D57: BOT | E57: AT | F57: 56 | G57: =IFERROR(VLOOKUP(F57,Picks!$A$2:$B$231,2,0),"") -> Fernando | H57: 20 | I57: 0.74074074 | J57: 4.07 | K57: 3.0148148 | L57: 2.0142193 | M57: C | N57: 47 | O57: -1.1329553 | P57: -1.2285057 | Q57: -1.2304531 | R57: -1.2255846 | S57: -1.6013333 | T57: -1.3441177 | U57: C+ | V57: 125 | W57: -0.54738933 | X57: -0.5935547 | Y57: -0.75090206 | Z57: -0.35753366 | AA57: -0.83055 | AB57: -0.38688209
A58: 91573 | C58: Arboleda | D58: SAO | E58: CB | F58: 57 | G58: =IFERROR(VLOOKUP(F58,Picks!$A$2:$B$231,2,0),"") -> Carlos | H58: 24 | I58: 0.63157895 | J58: 5.15 | K58: 3.2526316 | L58: 1.1081112 | M58: A+ | N58: 5 | O58: 0.35495666 | P58: 0.3990637 | Q58: 0.7383745 | R58: -0.10990251 | S58: 0.293 | T58: -0.060973585 | U58: A | V58: 46 | W58: 0.071348251 | X58: 0.08021401 | Y58: 0.22552829 | Z58: -0.1377574 | AA58: 0.24945 | AB58: -0.14906533
A59: 105214 | C59: Santiago Rodríguez | D59: BOT | E59: MD | F59: 58 | G59: =IFERROR(VLOOKUP(F59,Picks!$A$2:$B$231,2,0),"") -> Fellipe | H59: 24 | I59: 0.63157895 | J59: 3.99 | K59: 2.52 | L59: 1.1154988 | M59: B+ | N59: 22 | O59: -0.71409503 | P59: -0.80282874 | Q59: -0.71279951 | R59: -0.93787257 | S59: -0.88733333 | T59: -1.0776202 | U59: B | V59: 99 | W59: -0.72924665 | X59: -0.8198631 | Y59: -0.82323023 | Z59: -0.81481239 | AA59: -0.91055 | AB59: -0.88169691
A60: 51413 | C60: Walter | D60: MIR | E60: GK | F60: 59 | G60: =IFERROR(VLOOKUP(F60,Picks!$A$2:$B$231,2,0),"") -> Vidal | H60: 28 | I60: 0.73684211 | J60: 6.57 | K60: 4.8410526 | L60: 2.7414797 | M60: A+ | N60: 4 | O60: 0.80280033 | P60: 0.87161178 | Q60: 0.817626 | R60: 0.95259046 | S60: 1.029 | T60: 0.67941252 | U60: S- | V60: 20 | W60: 1.3241782 | X60: 1.4376792 | Y60: 1.5093534 | Z60: 1.3301679 | AA60: 1.66945 | AB60: 1.4393557
A61: 90768 | C61: Fabrício Bruno | D61: CRU | E61: CB | F61: 60 | G61: =IFERROR(VLOOKUP(F61,Picks!$A$2:$B$231,2,0),"") -> Massa | H61: 33 | I61: 0.86842105 | J61: 4.89 | K61: 4.2465789 | L61: 1.1323837 | M61: S | N61: 2 | O61: 0.69403457 | P61: 0.72255654 | Q61: 0.083161633 | R61: 1.6816489 | S61: 0.033 | T61: 0.93297378 | U61: A | V61: 39 | W61: 0.29449078 | X61: 0.30659314 | Y61: -0.0095382779 | Z61: 0.78079026 | AA61: -0.01055 | AB61: 0.84488204
A62: 97810 | C62: Erick | D62: VIT | E62: AT | F62: 61 | G62: =IFERROR(VLOOKUP(F62,Picks!$A$2:$B$231,2,0),"") -> Massa | H62: 29 | I62: 0.76315789 | J62: 5.02 | K62: 3.8310526 | L62: 0.93753471 | M62: A | N62: 14 | O62: -0.45780303 | P62: -0.49281912 | Q62: -0.50047988 | R62: -0.48132798 | S62: -0.65133333 | T62: -0.52787988 | U62: A | V62: 44 | W62: 0.20763007 | X62: 0.22351112 | Y62: 0.107995 | Z62: 0.39678529 | AA62: 0.11945 | AB62: 0.42935572
A63: 97321 | C63: Alesson | D63: MIR | E63: AT | F63: 62 | G63: =IFERROR(VLOOKUP(F63,Picks!$A$2:$B$231,2,0),"") -> Vidal | H63: 23 | I63: 0.85185185 | J63: 4.26 | K63: 3.6288889 | L63: 1.331888 | M63: B | N63: 30 | O63: -0.8761876 | P63: -0.91694051 | Q63: -1.0844585 | R63: -0.6656636 | S63: -1.4113333 | T63: -0.73004362 | U63: B+ | V63: 76 | W63: -0.25177991 | X63: -0.2634906 | Y63: -0.57912264 | Z63: 0.20995746 | AA63: -0.64055 | AB63: 0.22719198
A64: 87008 | C64: Léo Jardim | D64: VAS | E64: GK | F64: 63 | G64: =IFERROR(VLOOKUP(F64,Picks!$A$2:$B$231,2,0),"") -> Fellipe | H64: 33 | I64: 0.86842105 | J64: 3.8 | K64: 3.3 | L64: 1.2017936 | M64: C | N64: 14 | O64: -1.2614176 | P64: -1.3132567 | Q64: -1.3833692 | R64: -1.2080881 | S64: -1.741 | T64: -0.86164011 | U64: C- | V64: 192 | W64: -0.60954875 | X64: -0.6345987 | Y64: -0.99500964 | Z64: -0.093982297 | AA64: -1.10055 | AB64: -0.10169691
A65: 68899 | C65: Philippe Coutinho | D65: VAS | E65: MD | F65: 64 | G65: =IFERROR(VLOOKUP(F65,Picks!$A$2:$B$231,2,0),"") -> Carlos | H65: 28 | I65: 0.73684211 | J65: 4.29 | K65: 3.1610526 | L65: 1.0561857 | M65: A- | N65: 14 | O65: -0.40071856 | P65: -0.43506586 | Q65: -0.47180794 | R65: -0.37995274 | S65: -0.58733333 | T65: -0.43656757 | U65: B+ | V65: 84 | W65: -0.38698529 | X65: -0.42015546 | Y65: -0.55199958 | Z65: -0.22238928 | AA65: -0.61055 | AB65: -0.24064428
A66: 105647 | C66: Maurício | D66: PAL | E66: MD | F66: 65 | G66: =IFERROR(VLOOKUP(F66,Picks!$A$2:$B$231,2,0),"") -> Fernando | H66: 25 | I66: 0.65789474 | J66: 3.99 | K66: 2.625 | L66: 1.5364816 | M66: B | N66: 26 | O66: -0.68763132 | P66: -0.76627537 | Q66: -0.71279951 | R66: -0.84648915 | S66: -0.88733333 | T66: -0.97262021 | U66: B- | V66: 108 | W66: -0.70088886 | X66: -0.78104917 | Y66: -0.82323023 | Z66: -0.71777757 | AA66: -0.91055 | AB66: -0.77669691
A67: 87999 | C67: Gustavo Scarpa | D67: CAM | E67: MD | F67: 66 | G67: =IFERROR(VLOOKUP(F67,Picks!$A$2:$B$231,2,0),"") -> Rodolfo | H67: 30 | I67: 0.78947368 | J67: 3.31 | K67: 2.6131579 | L67: 0.73660118 | M67: B | N67: 33 | O67: -1.0287898 | P67: -1.0981465 | Q67: -1.2590471 | R67: -0.85679555 | S67: -1.5673333 | T67: -0.98446231 | U67: C+ | V67: 140 | W67: -1.0813972 | X67: -1.1543004 | Y67: -1.4380197 | Z67: -0.72872135 | AA67: -1.59055 | AB67: -0.78853901
... A77: 92696 | C77: Renato Kayzer | D77: VIT | E77: AT | F77: 76 | G77: =IFERROR(VLOOKUP(F77,Picks!$A$2:$B$231,2,0),"") -> Fernando | H77: 28 | I77: 0.73684211 | J77: 4.32 | K77: 3.1831579 | L77: 3.5175312 | M77: B | N77: 32 | O77: -0.96880716 | P77: -1.0518478 | Q77: -1.0383549 | R77: -1.0720871 | S77: -1.3513333 | T77: -1.1757746 | U77: B+ | V77: 79 | W77: -0.36446998 | X77: -0.39571027 | Y77: -0.52487651 | Z77: -0.20196089 | AA77: -0.58055 | AB77: -0.21853901
A78: 70592 | C78: Felipe Anderson | D78: PAL | E78: MD | F78: 77 | G78: =IFERROR(VLOOKUP(F78,Picks!$A$2:$B$231,2,0),"") -> Carlos | H78: 27 | I78: 0.71052632 | J78: 4.92 | K78: 3.4957895 | L78: 1.2365748 | O78: -0.013592762 | P78: -0.014885445 | Q78: 0.034274357 | R78: -0.088625148 | S78: 0.042666667 | T78: -0.10183073 | W78: 0.041396002 | X78: 0.045332797 | Y78: 0.017584787 | Z78: 0.086954812 | AA78: 0.01945 | AB78: 0.094092566
A79: 78248 | C79: Gustavo Henrique | D79: COR | E79: CB | F79: 78 | G79: =IFERROR(VLOOKUP(F79,Picks!$A$2:$B$231,2,0),"") -> Fellipe | H79: 23 | I79: 0.60526316 | J79: 4.17 | K79: 2.5239474 | L79: 1.1322581 | M79: B | N79: 16 | O79: -1.417663 | P79: -1.6080954 | Q79: -1.731274 | R79: -1.4233274 | S79: -0.687 | T79: -0.7896578 | U79: C+ | V79: 127 | W79: -0.63540763 | X79: -0.72076089 | Y79: -0.66049184 | Z79: -0.81116447 | AA79: -0.73055 | AB79: -0.87774954
A80: 110426 | C80: Bernabéi | D80: INT | E80: FB | F80: 79 | G80: =IFERROR(VLOOKUP(F80,Picks!$A$2:$B$231,2,0),"") -> Vidal | H80: 29 | I80: 0.76315789 | J80: 5.48 | K80: 4.1821053 | L80: 2.3135241 | M80: B- | N80: 23 | O80: -0.75900087 | P80: -0.81705477 | Q80: -0.9639933 | R80: -0.59664696 | S80: -0.8575 | T80: -0.54348785 | U80: A- | V80: 48 | W80: 0.5599808 | X80: 0.60281219 | Y80: 0.523882 | Z80: 0.72120748 | AA80: 0.57945 | AB80: 0.78040836
A81: 84558 | C81: Lucas Romero | D81: CRU | E81: MD | F81: 80 | G81: =IFERROR(VLOOKUP(F81,Picks!$A$2:$B$231,2,0),"") -> Massa | H81: 33 | I81: 0.86842105 | J81: 4.26 | K81: 3.6994737 | L81: 0.89983834 | M81: A | N81: 9 | O81: -0.25174077 | P81: -0.26208628 | Q81: -0.4959071 | R81: 0.088644946 | S81: -0.61733333 | T81: 0.10185348 | U81: B+ | V81: 73 | W81: -0.22802748 | X81: -0.23739848 | Y81: -0.57912264 | Z81: 0.27518777 | AA81: -0.64055 | AB81: 0.29777678
A82: 98517 | C82: Jean Lucas | D82: BAH | E82: MD | F82: 81 | G82: =IFERROR(VLOOKUP(F82,Picks!$A$2:$B$231,2,0),"") -> Massa | H82: 32 | I82: 0.84210526 | J82: 4.18 | K82: 3.52 | L82: 0.99933609 | M82: A | N82: 10 | O82: -0.34592398 | P82: -0.36312462 | Q82: -0.56017152 | R82: -0.067554284 | S82: -0.69733333 | T82: -0.077620205 | U82: B+ | V82: 77 | W82: -0.33069556 | X82: -0.34713899 | Y82: -0.65145082 | Z82: 0.10932876 | AA82: -0.72055 | AB82: 0.11830309
A83: 104758 | C83: Enzo Díaz | D83: SAO | E83: FB | F83: 82 | G83: =IFERROR(VLOOKUP(F83,Picks!$A$2:$B$231,2,0),"") -> Vidal | H83: 27 | I83: 0.71052632 | J83: 6.06 | K83: 4.3057895 | L83: 1.2002309 | M83: A+ | N83: 4 | O83: -0.33925983 | P83: -0.37152374 | Q83: -0.31196285 | R83: -0.46086507 | S83: -0.2775 | T83: -0.41980364 | U83: S- | V83: 16 | W83: 0.87951753 | X83: 0.96316041 | Y83: 1.0482613 | Z83: 0.83550914 | AA83: 1.15945 | AB83: 0.90409257
A84: 97900 | C84: Vitão | D84: FLA | E84: CB | F84: 83 | G84: =IFERROR(VLOOKUP(F84,Picks!$A$2:$B$231,2,0),"") -> Fellipe | H84: 30 | I84: 0.78947368 | J84: 2.71 | K84: 2.1394737 | L84: 1.1661137 | M84: D | N84: 44 | O84: -3.8343619 | P84: -4.0928583 | Q84: -5.4105463 | R84: -2.1163262 | S84: -2.147 | T84: -1.1741315 | U84: D+ | V84: 236 | W84: -1.550359 | X84: -1.6548776 | Y84: -1.980481 | Z84: -1.1664724 | AA84: -2.19055 | AB84: -1.2622232
A85: 97653 | C85: Murilo | D85: PAL | E85: CB | F85: 84 | G85: =IFERROR(VLOOKUP(F85,Picks!$A$2:$B$231,2,0),"") -> Carlos | H85: 16 | I85: 0.42105263 | J85: 4.01 | K85: 1.6884211 | L85: 1.1276351 | M85: C+ | N85: 25 | O85: -2.0264747 | P85: -2.4524216 | Q85: -2.1344819 | R85: -2.929331 | S85: -0.847 | T85: -1.6251841 | U85: C | V85: 171 | W85: -0.92250919 | X85: -1.1164124 | Y85: -0.80514819 | Z85: -1.5833087 | AA85: -0.89055 | AB85: -1.7132759
A86: 90532 | C86: Arthur Melo | D86: GRE | E86: MD | F86: 85 | G86: =IFERROR(VLOOKUP(F86,Picks!$A$2:$B$231,2,0),"") -> Fernando | H86: 12 | I86: 0.70588235 | J86: 3.71 | K86: 2.6188235 | L86: 1.2193595 | M86: B | N86: 25 | O86: -0.82367077 | P86: -0.90338085 | Q86: -0.93772498 | R86: -0.85186465 | S86: -1.1673333 | T86: -0.97879668 | U86: B- | V86: 123 | W86: -0.85270196 | X86: -0.9352215 | Y86: -1.0763788 | Z86: -0.7234855 | AA86: -1.19055 | AB86: -0.78287338
A87: 98672 | C87: Savarino | D87: BOT | E87: MD | F87: 86 | G87: =IFERROR(VLOOKUP(F87,Picks!$A$2:$B$231,2,0),"") -> Rodolfo | H87: 25 | I87: 0.65789474 | J87: 3.71 | K87: 2.4407895 | L87: 1.2389178 | M87: B | N87: 27 | O87: -0.86628301 | P87: -0.96535936 | Q87: -0.93772498 | R87: -1.0068109 | S87: -1.1673333 | T87: -1.1568307 | U87: C+ | V87: 132 | W87: -0.89829535 | X87: -1.0010329 | Y87: -1.0763788 | Z87: -0.8880141 | AA87: -1.19055 | AB87: -0.96090743
A88: 92440 | C88: André Ramalho | D88: COR | E88: CB | F88: 87 | G88: =IFERROR(VLOOKUP(F88,Picks!$A$2:$B$231,2,0),"") -> Petindá | H88: 21 | I88: 0.55263158 | J88: 3.86 | K88: 2.1331579 | L88: 0.84731511 | M88: C+ | N88: 24 | O88: -2.0420317 | P88: -2.3585777 | Q88: -2.5124893 | R88: -2.1277102 | S88: -0.997 | T88: -1.1804473 | U88: C | V88: 165 | W88: -0.89469104 | X88: -1.0333817 | Y88: -0.94076351 | Z88: -1.1723091 | AA88: -1.04055 | AB88: -1.268539
A89: 107183 | C89: Léo Linck | D89: BOT | E89: GK | F89: 88 | G89: =IFERROR(VLOOKUP(F89,Picks!$A$2:$B$231,2,0),"") -> Fochesato | H89: 14 | I89: 0.36842105 | J89: 3.9 | K89: 1.4368421 | L89: 2.3672357 | M89: D | N89: 19 | O89: -1.8727211 | P89: -2.3105 | Q89: -1.3039109 | R89: -3.8203838 | S89: -1.641 | T89: -2.724798 | U89: D | V89: 256 | W89: -1.0286235 | X89: -1.2690809 | Y89: -0.90459942 | Z89: -1.8158032 | AA89: -1.00055 | AB89: -1.9648548
A90: 105584 | C90: Lucas Piton | D90: VAS | E90: FB | F90: 89 | G90: =IFERROR(VLOOKUP(F90,Picks!$A$2:$B$231,2,0),"") -> Anuda | H90: 28 | I90: 0.73684211 | J90: 4.3 | K90: 3.1684211 | L90: 1.0400956 | M90: C | N90: 29 | O90: -1.8956323 | P90: -2.0581151 | Q90: -2.290538 | R90: -1.7094807 | S90: -2.0375 | T90: -1.5571721 | U90: B- | V90: 115 | W90: -0.37948019 | X90: -0.41200706 | Y90: -0.54295856 | Z90: -0.21557982 | AA90: -0.60055 | AB90: -0.23327585
A91: 51772 | C91: Everton Ribeiro | D91: BAH | E91: MD | F91: 90 | G91: =IFERROR(VLOOKUP(F91,Picks!$A$2:$B$231,2,0),"") -> Sousa | H91: 30 | I91: 0.78947368 | J91: 3.85 | K91: 3.0394737 | L91: 1.2309438 | M91: B | N91: 24 | O91: -0.64591834 | P91: -0.6894634 | Q91: -0.82526224 | R91: -0.48576513 | S91: -1.0273333 | T91: -0.55814652 | U91: B- | V91: 120 | W91: -0.65933156 | X91: -0.70378087 | Y91: -0.94980453 | Z91: -0.33474539 | AA91: -1.05055 | AB91: -0.36222322
A92: 70164 | C92: Lucas Moura | D92: SAO | E92: MD | F92: 91 | G92: =IFERROR(VLOOKUP(F92,Picks!$A$2:$B$231,2,0),"") -> Sousa | M92: B- | N92: 48 | U92: C | V92: 147
A93: 91473 | C93: Erick Pulgar | D93: FLA | E93: MD | F93: 92 | G93: =IFERROR(VLOOKUP(F93,Picks!$A$2:$B$231,2,0),"") -> Anuda | H93: 15 | I93: 0.39473684 | J93: 2.07 | K93: 0.81710526 | L93: 0.7277798 | M93: D+ | N93: 80 | O93: -1.8996048 | P93: -2.3210605 | Q93: -2.2551456 | R93: -2.419933 | S93: -2.8073333 | T93: -2.7805149 | U93: D+ | V93: 246 | W93: -2.0385844 | X93: -2.4908748 | Y93: -2.5591064 | Z93: -2.3885275 | AA93: -2.83055 | AB93: -2.5845916
A94: 95799 | C94: Artur | D94: BOT | E94: AT | F94: 93 | G94: =IFERROR(VLOOKUP(F94,Picks!$A$2:$B$231,2,0),"") -> Fochesato | H94: 25 | I94: 0.65789474 | J94: 4.38 | K94: 2.8815789 | L94: 0.9675583 | M94: C+ | N94: 42 | O94: -1.0177765 | P94: -1.1341791 | Q94: -0.99225131 | R94: -1.3470709 | S94: -1.2913333 | T94: -1.4773536 | U94: B- | V94: 116 | W94: -0.42592981 | X94: -0.47464319 | Y94: -0.47063038 | Z94: -0.48066241 | AA94: -0.52055 | AB94: -0.52011796
A95: 107989 | C95: Carbonero | D95: INT | E95: AT | F95: 94 | G95: =IFERROR(VLOOKUP(F95,Picks!$A$2:$B$231,2,0),"") -> Petindá | H95: 23 | I95: 0.60526316 | J95: 4.56 | K95: 2.76 | L95: 1.415919 | M95: B | N95: 31 | O95: -0.96580115 | P95: -1.0955356 | Q95: -0.85394059 | R95: -1.4579282 | S95: -1.1113333 | T95: -1.5989325 | U95: B+ | V95: 78 | W95: -0.37197572 | X95: -0.4219426 | Y95: -0.30789199 | Z95: -0.59301852 | AA95: -0.34055 | AB95: -0.64169691
A96: 125926 | C96: Zapelli | D96: CAP | E96: MD | F96: 95 | G96: =IFERROR(VLOOKUP(F96,Picks!$A$2:$B$231,2,0),"") -> Rodolfo | M96: B | N96: 38 | U96: C+ | V96: 142
A97: 101727 | C97: Matheuzinho | D97: COR | E97: FB | F97: 96 | G97: =IFERROR(VLOOKUP(F97,Picks!$A$2:$B$231,2,0),"") -> Fernando | H97: 31 | I97: 0.81578947 | J97: 5.56 | K97: 4.5357895 | L97: 1.1350236 | M97: A+ | N97: 5 | O97: -0.57419429 | P97: -0.60778225 | Q97: -0.87405807 | R97: -0.20836853 | S97: -0.7775 | T97: -0.18980364 | U97: A+ | V97: 21 | W97: 0.734014 | X97: 0.77695075 | Y97: 0.59621017 | Z97: 1.0480616 | AA97: 0.65945 | AB97: 1.1340926
A98: 90285 | C98: Bruno Henrique | D98: FLA | E98: AT | F98: 97 | G98: =IFERROR(VLOOKUP(F98,Picks!$A$2:$B$231,2,0),"") -> Carlos | H98: 30 | I98: 0.78947368 | J98: 3.38 | K98: 2.6684211 | L98: 0.96830177 | M98: D+ | N98: 57 | O98: -1.5672984 | P98: -1.6729589 | Q98: -1.7606442 | R98: -1.5414311 | S98: -2.2913333 | T98: -1.6905115 | U98: D+ | V98: 227 | W98: -1.026685 | X98: -1.0958997 | Y98: -1.3747326 | Z98: -0.67765039 | AA98: -1.52055 | AB98: -0.73327585
A99: 80313 | C99: Gilberto | D99: BAH | E99: FB | F99: 98 | G99: =IFERROR(VLOOKUP(F99,Picks!$A$2:$B$231,2,0),"") -> Fellipe | H99: 21 | I99: 0.55263158 | J99: 4.41 | K99: 2.4371053 | L99: 1.0323419 | M99: C | N99: 30 | O99: -1.9956942 | P99: -2.3050571 | Q99: -2.1668771 | R99: -2.5123272 | S99: -1.9275 | T99: -2.2884879 | U99: C | V99: 150 | W99: -0.5391028 | X99: -0.62267192 | Y99: -0.44350732 | Z99: -0.89141883 | AA99: -0.49055 | AB99: -0.96459164
A100: 105175 | C100: Khellven | D100: PAL | E100: FB | F100: 99 | G100: =IFERROR(VLOOKUP(F100,Picks!$A$2:$B$231,2,0),"") -> Vidal | H100: 11 | I100: 0.52380952 | J100: 5.65 | K100: 2.9595238 | L100: 1.7491701 | M100: B | N100: 17 | O100: -1.0622166 | P100: -1.2392527 | Q100: -0.77288093 | R100: -1.9388104 | S100: -0.6875 | T100: -1.7660693 | U100: A | V100: 45 | W100: 0.20836755 | X100: 0.24309548 | Y100: 0.67757937 | Z100: -0.40863036 | AA100: 0.74945 | AB100: -0.4421731
A101: 100898 | C101: Vitinho | D101: BOT | E101: FB | F101: 100 | G101: =IFERROR(VLOOKUP(F101,Picks!$A$2:$B$231,2,0),"") -> Massa | H101: 32 | I101: 0.84210526 | J101: 5.49 | K101: 4.6231579 | L101: 1.2187693 | M101: A | N101: 8 | O101: -0.58742373 | P101: -0.61663265 | Q101: -0.9527514 | R101: -0.11245452 | S101: -0.8475 | T101: -0.10243522 | U101: A+ | V101: 26 | W101: 0.73474069 | X101: 0.77127476 | Y101: 0.53292302 | Z101: 1.1288024 | AA101: 0.58945 | AB101: 1.221461
A102: 112886 | C102: Lucas Barbosa | D102: RBB | E102: AT | F102: 101 | G102: =IFERROR(VLOOKUP(F102,Picks!$A$2:$B$231,2,0),"") -> Massa | H102: 31 | I102: 0.81578947 | J102: 4.85 | K102: 3.9565789 | L102: 0.8878302 | M102: A- | N102: 17 | O102: -0.4963766 | P102: -0.52541256 | Q102: -0.63110667 | R102: -0.3668714 | S102: -0.82133333 | T102: -0.40235356 | U102: A- | V102: 54 | W102: 0.16787436 | X102: 0.17769431 | Y102: -0.045702365 | Z102: 0.51278933 | AA102: -0.05055 | AB102: 0.55488204
A103: 116706 | C103: Andrés Gómez | D103: VAS | E103: AT | F103: 102 | G103: =IFERROR(VLOOKUP(F103,Picks!$A$2:$B$231,2,0),"") -> Vidal | H103: 15 | I103: 0.78947368 | J103: 4.42 | K103: 3.4894737 | L103: 1.0673013 | M103: B+ | N103: 25 | O103: -0.83755845 | P103: -0.89402306 | Q103: -0.96151559 | R103: -0.79278426 | S103: -1.2513333 | T103: -0.86945883 | U103: B+ | V103: 71 | W103: -0.21381784 | X103: -0.22823253 | Y103: -0.4344663 | Z103: 0.081118131 | AA103: -0.48055 | AB103: 0.087776777
A104: 95466 | C104: Igor Vinícius | D104: SAN | E104: FB | F104: 103 | G104: =IFERROR(VLOOKUP(F104,Picks!$A$2:$B$231,2,0),"") -> Fellipe | H104: 22 | I104: 0.57894737 | J104: 4.68 | K104: 2.7094737 | L104: 1.1671406 | M104: C+ | N104: 27 | O104: -1.7502819 | P104: -2.0033347 | Q104: -1.8633457 | R104: -2.2133181 | S104: -1.6575 | T104: -2.0161194 | U104: B- | V104: 114 | W104: -0.32808994 | X104: -0.37552463 | Y104: -0.19939973 | Z104: -0.63971197 | AA104: -0.22055 | AB104: -0.69222322
A105: 68806 | C105: Neto | D105: BOT | E105: GK | F105: 104 | G105: =IFERROR(VLOOKUP(F105,Picks!$A$2:$B$231,2,0),"") -> Carlos | M105: C | N105: 16 | U105: C- | V105: 194
A106: 105990 | C106: Santiago Mingo | D106: BAH | E106: CB | F106: 105 | G106: =IFERROR(VLOOKUP(F106,Picks!$A$2:$B$231,2,0),"") -> Fernando | H106: 31 | I106: 0.81578947 | J106: 2.95 | K106: 2.4065789 | L106: 0.80743152 | M106: D+ | N106: 43 | O106: -3.3419049 | P106: -3.5373924 | Q106: -4.8057344 | R106: -1.6348794 | S106: -1.907 | T106: -0.90702622 | U106: D+ | V106: 233 | W106: -1.3471472 | X106: -1.4259497 | Y106: -1.7634965 | Z106: -0.91962946 | AA106: -1.95055 | AB106: -0.99511796
A107: 102256 | C107: Rollheiser | D107: SAN | E107: MD | F107: 106 | G107: =IFERROR(VLOOKUP(F107,Picks!$A$2:$B$231,2,0),"") -> Rodolfo | H107: 35 | I107: 0.92105263 | J107: 2.76 | K107: 2.5421053 | L107: 0.77689483 | M107: C+ | N107: 54 | O107: -1.3550995 | P107: -1.3879726 | Q107: -1.7008649 | R107: -0.91863396 | S107: -2.1173333 | T107: -1.0555149 | U107: C | V107: 186 | W107: -1.4438921 | X107: -1.4789191 | Y107: -1.9352759 | Z107: -0.79438401 | AA107: -2.14055 | AB107: -0.85959164
A108: 93790 | C108: Marlon Freitas | D108: PAL | E108: MD | F108: 107 | G108: =IFERROR(VLOOKUP(F108,Picks!$A$2:$B$231,2,0),"") -> Petindá | H108: 31 | I108: 0.81578947 | J108: 1.92 | K108: 1.5663158 | L108: 0.82195063 | M108: D | N108: 87 | O108: -2.0146866 | P108: -2.1325374 | Q108: -2.3756413 | R108: -1.7678814 | S108: -2.9573333 | T108: -2.0313044 | U108: D+ | V108: 250 | W108: -2.1684483 | X108: -2.2952935 | Y108: -2.6947217 | Z108: -1.6961512 | AA108: -2.98055 | AB108: -1.8353811
A109: 88312 | C109: Junior Alonso | D109: CAM | E109: CB | F109: 108 | G109: =IFERROR(VLOOKUP(F109,Picks!$A$2:$B$231,2,0),"") -> Fochesato | H109: 28 | I109: 0.73684211 | J109: 4.12 | K109: 3.0357895 | L109: 0.75350598 | M109: B | N109: 14 | O109: -1.2108772 | P109: -1.3146667 | Q109: -1.8572765 | R109: -0.50075196 | S109: -0.737 | T109: -0.27781569 | U109: C+ | V109: 124 | W109: -0.51457204 | X109: -0.55867822 | Y109: -0.70569695 | Z109: -0.33815012 | AA109: -0.78055 | AB109: -0.36590743
A110: 105531 | C110: Matheus Bidu | D110: COR | E110: FB | F110: 109 | G110: =IFERROR(VLOOKUP(F110,Picks!$A$2:$B$231,2,0),"") -> Anuda | H110: 26 | I110: 0.68421053 | J110: 5.45 | K110: 3.7289474 | L110: 1.267126 | M110: B | N110: 16 | O110: -0.93810872 | P110: -1.0362829 | Q110: -0.99771902 | R110: -1.0941287 | S110: -0.8875 | T110: -0.99664575 | U110: A | V110: 42 | W110: 0.37932845 | X110: 0.41902561 | Y110: 0.49675894 | Z110: 0.30242562 | AA110: 0.54945 | AB110: 0.32725046
A111: 104994 | C111: Wagner Leonardo | D111: GRE | E111: CB | F111: 110 | G111: =IFERROR(VLOOKUP(F111,Picks!$A$2:$B$231,2,0),"") -> Sousa | H111: 27 | I111: 0.71052632 | J111: 3.19 | K111: 2.2665789 | L111: 0.63899375 | M111: C | N111: 32 | O111: -2.9909967 | P111: -3.2754431 | Q111: -4.2009225 | R111: -1.887224 | S111: -1.667 | T111: -1.0470262 | U111: C- | V111: 206 | W111: -1.2304902 | X111: -1.3475109 | Y111: -1.546512 | Z111: -1.0490092 | AA111: -1.71055 | AB111: -1.135118
A112: 88393 | C112: Ayrton Lucas | D112: FLA | E112: FB | F112: 111 | G112: =IFERROR(VLOOKUP(F112,Picks!$A$2:$B$231,2,0),"") -> Sousa | H112: 16 | I112: 0.42105263 | J112: 4.47 | K112: 1.8821053 | L112: 2.0222528 | M112: C | N112: 33 | O112: -2.0726482 | P112: -2.5083003 | Q112: -2.0994257 | R112: -3.1216123 | S112: -1.8675 | T112: -2.8434879 | U112: C | V112: 159 | W112: -0.65715538 | X112: -0.79528358 | Y112: -0.38926119 | Z112: -1.4043172 | AA112: -0.43055 | AB112: -1.5195916
A113: 69783 | C113: Danilo | D113: FLA | E113: CB | F113: 112 | G113: =IFERROR(VLOOKUP(F113,Picks!$A$2:$B$231,2,0),"") -> Anuda | H113: 19 | I113: 0.5 | J113: 3.61 | K113: 1.805 | L113: 4.7586437 | M113: C | N113: 28 | O113: -2.5272046 | P113: -2.9731818 | Q113: -3.1425017 | R113: -2.719202 | S113: -1.247 | T113: -1.5086052 | U113: C- | V113: 199 | W113: -1.0967573 | X113: -1.2903028 | Y113: -1.1667891 | Z113: -1.4755733 | AA113: -1.29055 | AB113: -1.5966969
A114: 89840 | C114: Calleri | D114: SAO | E114: AT | F114: 113 | G114: =IFERROR(VLOOKUP(F114,Picks!$A$2:$B$231,2,0),"") -> Fochesato | M114: B | N114: 33 | U114: B+ | V114: 68
A115: 85403 | C115: Danielzinho | D115: SAO | E115: MD | F115: 114 | G115: =IFERROR(VLOOKUP(F115,Picks!$A$2:$B$231,2,0),"") -> Petindá | H115: 34 | I115: 0.89473684 | J115: 2.92 | K115: 2.6126316 | L115: 0.9068521 | M115: B- | N115: 45 | O115: -1.245683 | P115: -1.2863031 | Q115: -1.5723361 | R115: -0.85725362 | S115: -1.9573333 | T115: -0.98498863 | U115: C | V115: 179 | W115: -1.3229163 | X115: -1.3660548 | Y115: -1.7906195 | Z115: -0.72920774 | AA115: -1.98055 | AB115: -0.78906533
A116: 93988 | C116: Breno Lopes | D116: CFC | E116: AT | F116: 115 | G116: =IFERROR(VLOOKUP(F116,Picks!$A$2:$B$231,2,0),"") -> Rodolfo | M116: B- | N116: 39 | U116: B | V116: 94
A117: 99818 | C117: Paulinho | D117: PAL | E117: AT | F117: 116 | G117: =IFERROR(VLOOKUP(F117,Picks!$A$2:$B$231,2,0),"") -> Fernando | M117: B+ | N117: 21 | U117: A- | V117: 60
A118: 104502 | C118: Christian | D118: CRU | E118: MD | F118: 117 | G118: =IFERROR(VLOOKUP(F118,Picks!$A$2:$B$231,2,0),"") -> Carlos | H118: 30 | I118: 0.78947368 | J118: 4.06 | K118: 3.2052632 | L118: 1.1092736 | M118: A | N118: 12 | O118: -0.49702387 | P118: -0.53053109 | Q118: -0.65656814 | R118: -0.34147551 | S118: -0.81733333 | T118: -0.39235705 | U118: B+ | V118: 81 | W118: -0.49519492 | X118: -0.52857885 | Y118: -0.75994308 | Z118: -0.18153251 | AA118: -0.84055 | AB118: -0.19643375
A119: 103056 | C119: Gabriel Brazão | D119: SAN | E119: GK | F119: 118 | G119: =IFERROR(VLOOKUP(F119,Picks!$A$2:$B$231,2,0),"") -> Fellipe | H119: 37 | I119: 0.97368421 | J119: 4.29 | K119: 4.1771053 | L119: 1.22796 | M119: B- | N119: 11 | O119: -0.58310066 | P119: -0.58774072 | Q119: -0.99402345 | R119: 0.021683371 | S119: -1.251 | T119: 0.015465149 | U119: B- | V119: 107 | W119: -0.04421321 | X119: -0.044565039 | Y119: -0.55199958 | Z119: 0.71658677 | AA119: -0.61055 | AB119: 0.77540836
...

Sheet My Picks
A1: Round | B1: Pick | C1: Player | E1: Squad
A2: 1 | B2: 1 | C2: =IFERROR(INDEX('Draft Board'!$A$1:$Z$622,MATCH(B2,'Draft Board'!$F$1:$F$622,0),3),"") -> Kaio Jorge | E2: GK | F2: Carlos Miguel
A3: 2 | B3: 20 | C3: =IFERROR(INDEX('Draft Board'!$A$1:$Z$622,MATCH(B3,'Draft Board'!$F$1:$F$622,0),3),"") -> Samuel Lino | F3: Rafael
A4: 3 | B4: 21 | C4: =IFERROR(INDEX('Draft Board'!$A$1:$Z$622,MATCH(B4,'Draft Board'!$F$1:$F$622,0),3),"") -> Paulo Henrique | E4: CB | F4: Fabrício Bruno | G4: Vitor Hugo
A5: 4 | B5: 40 | C5: =IFERROR(INDEX('Draft Board'!$A$1:$Z$622,MATCH(B5,'Draft Board'!$F$1:$F$622,0),3),"") -> Luciano Juba | F5: Terán | G5: Adonis Frías
A6: 5 | B6: 41 | C6: =IFERROR(INDEX('Draft Board'!$A$1:$Z$622,MATCH(B6,'Draft Board'!$F$1:$F$622,0),3),"") -> Carlos Miguel | E6: FB | F6: Paulo Henrique | G6: Luciano Juba
A7: 6 | B7: 60 | C7: =IFERROR(INDEX('Draft Board'!$A$1:$Z$622,MATCH(B7,'Draft Board'!$F$1:$F$622,0),3),"") -> Fabrício Bruno | F7: Vitinho | G7: Maik | H7: Walter Clar
A8: 7 | B8: 61 | C8: =IFERROR(INDEX('Draft Board'!$A$1:$Z$622,MATCH(B8,'Draft Board'!$F$1:$F$622,0),3),"") -> Erick | E8: MD | F8: Lucas Romero | G8: Jean Lucas | H8: Raniele
A9: 8 | B9: 80 | C9: =IFERROR(INDEX('Draft Board'!$A$1:$Z$622,MATCH(B9,'Draft Board'!$F$1:$F$622,0),3),"") -> Lucas Romero | F9: Josué | G9: Felipinho | H9: Zé Rafael
A10: 9 | B10: 81 | C10: =IFERROR(INDEX('Draft Board'!$A$1:$Z$622,MATCH(B10,'Draft Board'!$F$1:$F$622,0),3),"") -> Jean Lucas | E10: AT | F10: Kaio Jorge | G10: Samuel Lino | H10: Erick
A11: 10 | B11: 100 | C11: =IFERROR(INDEX('Draft Board'!$A$1:$Z$622,MATCH(B11,'Draft Board'!$F$1:$F$622,0),3),"") -> Vitinho | F11: Lucas Barbosa | G11: Galeano | H11: Pedro Rocha
A12: 11 | B12: 101 | C12: =IFERROR(INDEX('Draft Board'!$A$1:$Z$622,MATCH(B12,'Draft Board'!$F$1:$F$622,0),3),"") -> Lucas Barbosa
A13: 12 | B13: 120 | C13: =IFERROR(INDEX('Draft Board'!$A$1:$Z$622,MATCH(B13,'Draft Board'!$F$1:$F$622,0),3),"") -> Raniele
A14: 13 | B14: 121 | C14: =IFERROR(INDEX('Draft Board'!$A$1:$Z$622,MATCH(B14,'Draft Board'!$F$1:$F$622,0),3),"") -> Vitor Hugo
A15: 14 | B15: 140 | C15: =IFERROR(INDEX('Draft Board'!$A$1:$Z$622,MATCH(B15,'Draft Board'!$F$1:$F$622,0),3),"") -> Rafael
A16: 15 | B16: 141 | C16: =IFERROR(INDEX('Draft Board'!$A$1:$Z$622,MATCH(B16,'Draft Board'!$F$1:$F$622,0),3),"") -> Josué
A17: 16 | B17: 160 | C17: =IFERROR(INDEX('Draft Board'!$A$1:$Z$622,MATCH(B17,'Draft Board'!$F$1:$F$622,0),3),"") -> Galeano
A18: 17 | B18: 161 | C18: =IFERROR(INDEX('Draft Board'!$A$1:$Z$622,MATCH(B18,'Draft Board'!$F$1:$F$622,0),3),"") -> Maik
A19: 18 | B19: 180 | C19: Pedro Rocha
A20: 19 | B20: 181 | C20: Felipinho
A21: 20 | B21: 200 | C21: Terán
A22: 21 | B22: 201 | C22: Adonis Frías
A23: 22 | B23: 220 | C23: Zé Rafael
A24: 23 | B24: 221 | C24: Walter Clar

Sheet Picks
A1: Number | B1: GM
A2: 1 | B2: Massa
A3: 2 | B3: Vidal
A4: 3 | B4: Fellipe
A5: 4 | B5: Carlos
A6: 5 | B6: Fernando
A7: 6 | B7: Rodolfo
A8: 7 | B8: Petindá
A9: 8 | B9: Fochesato
A10: 9 | B10: Anuda
A11: 10 | B11: Sousa
A12: 11 | B12: Sousa
A13: 12 | B13: Anuda
... A231: 230 | B231: Sousa

Sheet Post-Mortem
B1: Pick Number | L1: Pick Player | V1: Tier General | AF1: Average Draft Position | AP1: Pick Number - ADP
A2: Round | B2: Massa | C2: Vidal | D2: Fellipe | E2: Carlos | F2: Fernando | G2: Rodolfo | H2: Petindá | I2: Fochesato | J2: Anuda | K2: Sousa | L2: Massa | M2: Vidal | N2: Fellipe | O2: Carlos | P2: Fernando | Q2: Rodolfo | R2: Petindá | S2: Fochesato | T2: Anuda | U2: Sousa | V2: Massa | W2: Vidal | X2: Fellipe | Y2: Carlos | Z2: Fernando | AA2: Rodolfo | AB2: Petindá | AC2: Fochesato | AD2: Anuda | AE2: Sousa | AF2: Massa | AG2: Vidal | AH2: Fellipe | AI2: Carlos | AJ2: Fernando | AK2: Rodolfo | AL2: Petindá | AM2: Fochesato | AN2: Anuda | AO2: Sousa | AP2: Massa | AQ2: Vidal | AR2: Fellipe | AS2: Carlos | AT2: Fernando | AU2: Rodolfo | AV2: Petindá | AW2: Fochesato | AX2: Anuda | AY2: Sousa
A3: 1 | B3: 1 | C3: 2 | D3: 3 | E3: 4 | F3: 5 | G3: 6 | H3: 7 | I3: 8 | J3: 9 | K3: 10 | L3: =INDEX('Draft Board'!$A$2:$AB$622,MATCH('Post-Mortem'!B3,'Draft Board'!$F$2:$F$622,0),3) -> Kaio Jorge | M3: =INDEX('Draft Board'!$A$2:$AB$622,MATCH('Post-Mortem'!C3,'Draft Board'!$F$2:$F$622,0),3) -> Vitor Roque | N3: =INDEX('Draft Board'!$A$2:$AB$622,MATCH('Post-Mortem'!D3,'Draft Board'!$F$2:$F$622,0),3) -> Arrascaeta | O3: =INDEX('Draft Board'!$A$2:$AB$622,MATCH('Post-Mortem'!E3,'Draft Board'!$F$2:$F$622,0),3) -> Pedro | P3: =INDEX('Draft Board'!$A$2:$AB$622,MATCH('Post-Mortem'!F3,'Draft Board'!$F$2:$F$622,0),3) -> Matheus Pereira | Q3: =INDEX('Draft Board'!$A$2:$AB$622,MATCH('Post-Mortem'!G3,'Draft Board'!$F$2:$F$622,0),3) -> Flaco López | R3: =INDEX('Draft Board'!$A$2:$AB$622,MATCH('Post-Mortem'!H3,'Draft Board'!$F$2:$F$622,0),3) -> Carlos Vinícius | S3: =INDEX('Draft Board'!$A$2:$AB$622,MATCH('Post-Mortem'!I3,'Draft Board'!$F$2:$F$622,0),3) -> Hulk | ... U3: =INDEX('Draft Board'!$A$2:$AB$622,MATCH('Post-Mortem'!K3,'Draft Board'!$F$2:$F$622,0),3) -> Yuri Alberto | V3: =INDEX('Draft Board'!$A$2:$AB$622,MATCH('Post-Mortem'!B3,'Draft Board'!$F$2:$F$622,0),21) -> S+ | W3: =INDEX('Draft Board'!$A$2:$AB$622,MATCH('Post-Mortem'!C3,'Draft Board'!$F$2:$F$622,0),21) -> S+ | X3: =INDEX('Draft Board'!$A$2:$AB$622,MATCH('Post-Mortem'!D3,'Draft Board'!$F$2:$F$622,0),21) -> S+ | Y3: =INDEX('Draft Board'!$A$2:$AB$622,MATCH('Post-Mortem'!E3,'Draft Board'!$F$2:$F$622,0),21) -> S | Z3: =INDEX('Draft Board'!$A$2:$AB$622,MATCH('Post-Mortem'!F3,'Draft Board'!$F$2:$F$622,0),21) -> S+ | AA3: =INDEX('Draft Board'!$A$2:$AB$622,MATCH('Post-Mortem'!G3,'Draft Board'!$F$2:$F$622,0),21) -> S+ | AB3: =INDEX('Draft Board'!$A$2:$AB$622,MATCH('Post-Mortem'!H3,'Draft Board'!$F$2:$F$622,0),21) -> S+ | AC3: =INDEX('Draft Board'!$A$2:$AB$622,MATCH('Post-Mortem'!I3,'Draft Board'!$F$2:$F$622,0),21) -> S- | ... AE3: =INDEX('Draft Board'!$A$2:$AB$622,MATCH('Post-Mortem'!K3,'Draft Board'!$F$2:$F$622,0),21) -> A+ | AF3: =INDEX('Draft Board'!$A$2:$AB$622,MATCH('Post-Mortem'!B3,'Draft Board'!$F$2:$F$622,0),22) -> 1 | AG3: =INDEX('Draft Board'!$A$2:$AB$622,MATCH('Post-Mortem'!C3,'Draft Board'!$F$2:$F$622,0),22) -> 3 | AH3: =INDEX('Draft Board'!$A$2:$AB$622,MATCH('Post-Mortem'!D3,'Draft Board'!$F$2:$F$622,0),22) -> 2 | AI3: =INDEX('Draft Board'!$A$2:$AB$622,MATCH('Post-Mortem'!E3,'Draft Board'!$F$2:$F$622,0),22) -> 8 | AJ3: =INDEX('Draft Board'!$A$2:$AB$622,MATCH('Post-Mortem'!F3,'Draft Board'!$F$2:$F$622,0),22) -> 4 | AK3: =INDEX('Draft Board'!$A$2:$AB$622,MATCH('Post-Mortem'!G3,'Draft Board'!$F$2:$F$622,0),22) -> 6 | AL3: =INDEX('Draft Board'!$A$2:$AB$622,MATCH('Post-Mortem'!H3,'Draft Board'!$F$2:$F$622,0),22) -> 5 | AM3: =INDEX('Draft Board'!$A$2:$AB$622,MATCH('Post-Mortem'!I3,'Draft Board'!$F$2:$F$622,0),22) -> 14 | ... AO3: =INDEX('Draft Board'!$A$2:$AB$622,MATCH('Post-Mortem'!K3,'Draft Board'!$F$2:$F$622,0),22) -> 23 | AP3: =B3-AF3 -> 0 | AQ3: =C3-AG3 -> -1 | AR3: =D3-AH3 -> 1 | AS3: =E3-AI3 -> -4 | AT3: =F3-AJ3 -> 1 | AU3: =G3-AK3 -> 0 | AV3: =H3-AL3 -> 2 | AW3: =I3-AM3 -> -6 | ... AY3: =K3-AO3 -> -13
A4: =A3+1 -> 2 | B4: =B3+20-B3 -> 20 | C4: 19 | D4: 18 | E4: 17 | F4: 16 | G4: 15 | H4: 14 | I4: 13 | J4: 12 | K4: 11 | L4: =INDEX('Draft Board'!$A$2:$AB$622,MATCH('Post-Mortem'!B4,'Draft Board'!$F$2:$F$622,0),3) -> Samuel Lino | M4: =INDEX('Draft Board'!$A$2:$AB$622,MATCH('Post-Mortem'!C4,'Draft Board'!$F$2:$F$622,0),3) -> Barreal | N4: =INDEX('Draft Board'!$A$2:$AB$622,MATCH('Post-Mortem'!D4,'Draft Board'!$F$2:$F$622,0),3) -> Danilo | O4: =INDEX('Draft Board'!$A$2:$AB$622,MATCH('Post-Mortem'!E4,'Draft Board'!$F$2:$F$622,0),3) -> Luciano | P4: =INDEX('Draft Board'!$A$2:$AB$622,MATCH('Post-Mortem'!F4,'Draft Board'!$F$2:$F$622,0),3) -> Willian José | Q4: =INDEX('Draft Board'!$A$2:$AB$622,MATCH('Post-Mortem'!G4,'Draft Board'!$F$2:$F$622,0),3) -> Alan Patrick | R4: =INDEX('Draft Board'!$A$2:$AB$622,MATCH('Post-Mortem'!H4,'Draft Board'!$F$2:$F$622,0),3) -> Reinaldo | S4: =INDEX('Draft Board'!$A$2:$AB$622,MATCH('Post-Mortem'!I4,'Draft Board'!$F$2:$F$622,0),3) -> Neymar | ... U4: =INDEX('Draft Board'!$A$2:$AB$622,MATCH('Post-Mortem'!K4,'Draft Board'!$F$2:$F$622,0),3) -> Memphis Depay | V4: =INDEX('Draft Board'!$A$2:$AB$622,MATCH('Post-Mortem'!B4,'Draft Board'!$F$2:$F$622,0),21) -> S | W4: =INDEX('Draft Board'!$A$2:$AB$622,MATCH('Post-Mortem'!C4,'Draft Board'!$F$2:$F$622,0),21) -> A | X4: =INDEX('Draft Board'!$A$2:$AB$622,MATCH('Post-Mortem'!D4,'Draft Board'!$F$2:$F$622,0),21) -> C | Y4: =INDEX('Draft Board'!$A$2:$AB$622,MATCH('Post-Mortem'!E4,'Draft Board'!$F$2:$F$622,0),21) -> A+ | Z4: =INDEX('Draft Board'!$A$2:$AB$622,MATCH('Post-Mortem'!F4,'Draft Board'!$F$2:$F$622,0),21) -> A | AA4: =INDEX('Draft Board'!$A$2:$AB$622,MATCH('Post-Mortem'!G4,'Draft Board'!$F$2:$F$622,0),21) -> S | AB4: =INDEX('Draft Board'!$A$2:$AB$622,MATCH('Post-Mortem'!H4,'Draft Board'!$F$2:$F$622,0),21) -> S+ | AC4: =INDEX('Draft Board'!$A$2:$AB$622,MATCH('Post-Mortem'!I4,'Draft Board'!$F$2:$F$622,0),21) -> S | ... AE4: =INDEX('Draft Board'!$A$2:$AB$622,MATCH('Post-Mortem'!K4,'Draft Board'!$F$2:$F$622,0),21) -> B+ | AF4: =INDEX('Draft Board'!$A$2:$AB$622,MATCH('Post-Mortem'!B4,'Draft Board'!$F$2:$F$622,0),22) -> 11 | AG4: =INDEX('Draft Board'!$A$2:$AB$622,MATCH('Post-Mortem'!C4,'Draft Board'!$F$2:$F$622,0),22) -> 33 | AH4: =INDEX('Draft Board'!$A$2:$AB$622,MATCH('Post-Mortem'!D4,'Draft Board'!$F$2:$F$622,0),22) -> 182 | AI4: =INDEX('Draft Board'!$A$2:$AB$622,MATCH('Post-Mortem'!E4,'Draft Board'!$F$2:$F$622,0),22) -> 22 | AJ4: =INDEX('Draft Board'!$A$2:$AB$622,MATCH('Post-Mortem'!F4,'Draft Board'!$F$2:$F$622,0),22) -> 43 | AK4: =INDEX('Draft Board'!$A$2:$AB$622,MATCH('Post-Mortem'!G4,'Draft Board'!$F$2:$F$622,0),22) -> 10 | AL4: =INDEX('Draft Board'!$A$2:$AB$622,MATCH('Post-Mortem'!H4,'Draft Board'!$F$2:$F$622,0),22) -> 7 | AM4: =INDEX('Draft Board'!$A$2:$AB$622,MATCH('Post-Mortem'!I4,'Draft Board'!$F$2:$F$622,0),22) -> 9 | ... AO4: =INDEX('Draft Board'!$A$2:$AB$622,MATCH('Post-Mortem'!K4,'Draft Board'!$F$2:$F$622,0),22) -> 62 | AP4: =B4-AF4 -> 9 | AQ4: =C4-AG4 -> -14 | AR4: =D4-AH4 -> -164 | AS4: =E4-AI4 -> -5 | AT4: =F4-AJ4 -> -27 | AU4: =G4-AK4 -> 5 | AV4: =H4-AL4 -> 7 | AW4: =I4-AM4 -> 4 | ... AY4: =K4-AO4 -> -51
A5: =A4+1 -> 3 | B5: =B3+20 -> 21 | C5: =C3+20 -> 22 | D5: =D3+20 -> 23 | E5: =E3+20 -> 24 | F5: =F3+20 -> 25 | G5: =G3+20 -> 26 | H5: =H3+20 -> 27 | I5: =I3+20 -> 28 | ... K5: =K3+20 -> 30 | L5: =INDEX('Draft Board'!$A$2:$AB$622,MATCH('Post-Mortem'!B5,'Draft Board'!$F$2:$F$622,0),3) -> Paulo Henrique | M5: =INDEX('Draft Board'!$A$2:$AB$622,MATCH('Post-Mortem'!C5,'Draft Board'!$F$2:$F$622,0),3) -> Lucho Acosta | N5: =INDEX('Draft Board'!$A$2:$AB$622,MATCH('Post-Mortem'!D5,'Draft Board'!$F$2:$F$622,0),3) -> Montoro | O5: =INDEX('Draft Board'!$A$2:$AB$622,MATCH('Post-Mortem'!E5,'Draft Board'!$F$2:$F$622,0),3) -> Kaiki Bruno | P5: =INDEX('Draft Board'!$A$2:$AB$622,MATCH('Post-Mortem'!F5,'Draft Board'!$F$2:$F$622,0),3) -> William | Q5: =INDEX('Draft Board'!$A$2:$AB$622,MATCH('Post-Mortem'!G5,'Draft Board'!$F$2:$F$622,0),3) -> Alex Telles | R5: =INDEX('Draft Board'!$A$2:$AB$622,MATCH('Post-Mortem'!H5,'Draft Board'!$F$2:$F$622,0),3) -> Gerson | S5: =INDEX('Draft Board'!$A$2:$AB$622,MATCH('Post-Mortem'!I5,'Draft Board'!$F$2:$F$622,0),3) -> Carrascal | ... U5: =INDEX('Draft Board'!$A$2:$AB$622,MATCH('Post-Mortem'!K5,'Draft Board'!$F$2:$F$622,0),3) -> Léo Pereira | V5: =INDEX('Draft Board'!$A$2:$AB$622,MATCH('Post-Mortem'!B5,'Draft Board'!$F$2:$F$622,0),21) -> S | W5: =INDEX('Draft Board'!$A$2:$AB$622,MATCH('Post-Mortem'!C5,'Draft Board'!$F$2:$F$622,0),21) -> A | X5: =INDEX('Draft Board'!$A$2:$AB$622,MATCH('Post-Mortem'!D5,'Draft Board'!$F$2:$F$622,0),21) -> B+ | Y5: =INDEX('Draft Board'!$A$2:$AB$622,MATCH('Post-Mortem'!E5,'Draft Board'!$F$2:$F$622,0),21) -> 0 | Z5: =INDEX('Draft Board'!$A$2:$AB$622,MATCH('Post-Mortem'!F5,'Draft Board'!$F$2:$F$622,0),21) -> S | AA5: =INDEX('Draft Board'!$A$2:$AB$622,MATCH('Post-Mortem'!G5,'Draft Board'!$F$2:$F$622,0),21) -> A | AB5: =INDEX('Draft Board'!$A$2:$AB$622,MATCH('Post-Mortem'!H5,'Draft Board'!$F$2:$F$622,0),21) -> B- | AC5: =INDEX('Draft Board'!$A$2:$AB$622,MATCH('Post-Mortem'!I5,'Draft Board'!$F$2:$F$622,0),21) -> A | ... AE5: =INDEX('Draft Board'!$A$2:$AB$622,MATCH('Post-Mortem'!K5,'Draft Board'!$F$2:$F$622,0),21) -> A | AF5: =INDEX('Draft Board'!$A$2:$AB$622,MATCH('Post-Mortem'!B5,'Draft Board'!$F$2:$F$622,0),22) -> 12 | AG5: =INDEX('Draft Board'!$A$2:$AB$622,MATCH('Post-Mortem'!C5,'Draft Board'!$F$2:$F$622,0),22) -> 34 | AH5: =INDEX('Draft Board'!$A$2:$AB$622,MATCH('Post-Mortem'!D5,'Draft Board'!$F$2:$F$622,0),22) -> 64 | AI5: =INDEX('Draft Board'!$A$2:$AB$622,MATCH('Post-Mortem'!E5,'Draft Board'!$F$2:$F$622,0),22) -> 0 | AJ5: =INDEX('Draft Board'!$A$2:$AB$622,MATCH('Post-Mortem'!F5,'Draft Board'!$F$2:$F$622,0),22) -> 13 | AK5: =INDEX('Draft Board'!$A$2:$AB$622,MATCH('Post-Mortem'!G5,'Draft Board'!$F$2:$F$622,0),22) -> 36 | AL5: =INDEX('Draft Board'!$A$2:$AB$622,MATCH('Post-Mortem'!H5,'Draft Board'!$F$2:$F$622,0),22) -> 105 | AM5: =INDEX('Draft Board'!$A$2:$AB$622,MATCH('Post-Mortem'!I5,'Draft Board'!$F$2:$F$622,0),22) -> 35 | ... AO5: =INDEX('Draft Board'!$A$2:$AB$622,MATCH('Post-Mortem'!K5,'Draft Board'!$F$2:$F$622,0),22) -> 38 | AP5: =B5-AF5 -> 9 | AQ5: =C5-AG5 -> -12 | AR5: =D5-AH5 -> -41 | AS5: =E5-AI5 -> 24 | AT5: =F5-AJ5 -> 12 | AU5: =G5-AK5 -> -10 | AV5: =H5-AL5 -> -78 | AW5: =I5-AM5 -> -7 | ... AY5: =K5-AO5 -> -8
A6: =A5+1 -> 4 | B6: =B4+20 -> 40 | C6: =C4+20 -> 39 | D6: =D4+20 -> 38 | E6: =E4+20 -> 37 | F6: =F4+20 -> 36 | G6: =G4+20 -> 35 | H6: =H4+20 -> 34 | I6: =I4+20 -> 33 | ... K6: =K4+20 -> 31 | L6: =INDEX('Draft Board'!$A$2:$AB$622,MATCH('Post-Mortem'!B6,'Draft Board'!$F$2:$F$622,0),3) -> Luciano Juba | M6: =INDEX('Draft Board'!$A$2:$AB$622,MATCH('Post-Mortem'!C6,'Draft Board'!$F$2:$F$622,0),3) -> Viveros | N6: =INDEX('Draft Board'!$A$2:$AB$622,MATCH('Post-Mortem'!D6,'Draft Board'!$F$2:$F$622,0),3) -> Plata | O6: =INDEX('Draft Board'!$A$2:$AB$622,MATCH('Post-Mortem'!E6,'Draft Board'!$F$2:$F$622,0),3) -> Rossi | P6: =INDEX('Draft Board'!$A$2:$AB$622,MATCH('Post-Mortem'!F6,'Draft Board'!$F$2:$F$622,0),3) -> Jemmes | Q6: =INDEX('Draft Board'!$A$2:$AB$622,MATCH('Post-Mortem'!G6,'Draft Board'!$F$2:$F$622,0),3) -> Erick Pulga | R6: =INDEX('Draft Board'!$A$2:$AB$622,MATCH('Post-Mortem'!H6,'Draft Board'!$F$2:$F$622,0),3) -> Martinelli | S6: =INDEX('Draft Board'!$A$2:$AB$622,MATCH('Post-Mortem'!I6,'Draft Board'!$F$2:$F$622,0),3) -> Borré | ... U6: =INDEX('Draft Board'!$A$2:$AB$622,MATCH('Post-Mortem'!K6,'Draft Board'!$F$2:$F$622,0),3) -> Alex Sandro | V6: =INDEX('Draft Board'!$A$2:$AB$622,MATCH('Post-Mortem'!B6,'Draft Board'!$F$2:$F$622,0),21) -> S- | W6: =INDEX('Draft Board'!$A$2:$AB$622,MATCH('Post-Mortem'!C6,'Draft Board'!$F$2:$F$622,0),21) -> A- | X6: =INDEX('Draft Board'!$A$2:$AB$622,MATCH('Post-Mortem'!D6,'Draft Board'!$F$2:$F$622,0),21) -> D+ | Y6: =INDEX('Draft Board'!$A$2:$AB$622,MATCH('Post-Mortem'!E6,'Draft Board'!$F$2:$F$622,0),21) -> S- | Z6: =INDEX('Draft Board'!$A$2:$AB$622,MATCH('Post-Mortem'!F6,'Draft Board'!$F$2:$F$622,0),21) -> A- | AA6: =INDEX('Draft Board'!$A$2:$AB$622,MATCH('Post-Mortem'!G6,'Draft Board'!$F$2:$F$622,0),21) -> A+ | AB6: =INDEX('Draft Board'!$A$2:$AB$622,MATCH('Post-Mortem'!H6,'Draft Board'!$F$2:$F$622,0),21) -> C- | AC6: =INDEX('Draft Board'!$A$2:$AB$622,MATCH('Post-Mortem'!I6,'Draft Board'!$F$2:$F$622,0),21) -> C+ | ... AE6: =INDEX('Draft Board'!$A$2:$AB$622,MATCH('Post-Mortem'!K6,'Draft Board'!$F$2:$F$622,0),21) -> C | AF6: =INDEX('Draft Board'!$A$2:$AB$622,MATCH('Post-Mortem'!B6,'Draft Board'!$F$2:$F$622,0),22) -> 17 | AG6: =INDEX('Draft Board'!$A$2:$AB$622,MATCH('Post-Mortem'!C6,'Draft Board'!$F$2:$F$622,0),22) -> 57 | AH6: =INDEX('Draft Board'!$A$2:$AB$622,MATCH('Post-Mortem'!D6,'Draft Board'!$F$2:$F$622,0),22) -> 231 | AI6: =INDEX('Draft Board'!$A$2:$AB$622,MATCH('Post-Mortem'!E6,'Draft Board'!$F$2:$F$622,0),22) -> 15 | AJ6: =INDEX('Draft Board'!$A$2:$AB$622,MATCH('Post-Mortem'!F6,'Draft Board'!$F$2:$F$622,0),22) -> 58 | AK6: =INDEX('Draft Board'!$A$2:$AB$622,MATCH('Post-Mortem'!G6,'Draft Board'!$F$2:$F$622,0),22) -> 24 | AL6: =INDEX('Draft Board'!$A$2:$AB$622,MATCH('Post-Mortem'!H6,'Draft Board'!$F$2:$F$622,0),22) -> 212 | AM6: =INDEX('Draft Board'!$A$2:$AB$622,MATCH('Post-Mortem'!I6,'Draft Board'!$F$2:$F$622,0),22) -> 126 | ... AO6: =INDEX('Draft Board'!$A$2:$AB$622,MATCH('Post-Mortem'!K6,'Draft Board'!$F$2:$F$622,0),22) -> 160 | AP6: =B6-AF6 -> 23 | AQ6: =C6-AG6 -> -18 | AR6: =D6-AH6 -> -193 | AS6: =E6-AI6 -> 22 | AT6: =F6-AJ6 -> -22 | AU6: =G6-AK6 -> 11 | AV6: =H6-AL6 -> -178 | AW6: =I6-AM6 -> -93 | ... AY6: =K6-AO6 -> -129
A7: =A6+1 -> 5 | B7: =B5+20 -> 41 | C7: =C5+20 -> 42 | D7: =D5+20 -> 43 | E7: =E5+20 -> 44 | F7: =F5+20 -> 45 | G7: =G5+20 -> 46 | H7: =H5+20 -> 47 | I7: =I5+20 -> 48 | ... K7: =K5+20 -> 50 | L7: =INDEX('Draft Board'!$A$2:$AB$622,MATCH('Post-Mortem'!B7,'Draft Board'!$F$2:$F$622,0),3) -> Carlos Miguel | M7: =INDEX('Draft Board'!$A$2:$AB$622,MATCH('Post-Mortem'!C7,'Draft Board'!$F$2:$F$622,0),3) -> Eduardo Sasha | N7: =INDEX('Draft Board'!$A$2:$AB$622,MATCH('Post-Mortem'!D7,'Draft Board'!$F$2:$F$622,0),3) -> Serna | O7: =INDEX('Draft Board'!$A$2:$AB$622,MATCH('Post-Mortem'!E7,'Draft Board'!$F$2:$F$622,0),3) -> Samuel Xavier | P7: =INDEX('Draft Board'!$A$2:$AB$622,MATCH('Post-Mortem'!F7,'Draft Board'!$F$2:$F$622,0),3) -> Cássio | Q7: =INDEX('Draft Board'!$A$2:$AB$622,MATCH('Post-Mortem'!G7,'Draft Board'!$F$2:$F$622,0),3) -> Canobbio | R7: =INDEX('Draft Board'!$A$2:$AB$622,MATCH('Post-Mortem'!H7,'Draft Board'!$F$2:$F$622,0),3) -> Alexander Barboza | S7: =INDEX('Draft Board'!$A$2:$AB$622,MATCH('Post-Mortem'!I7,'Draft Board'!$F$2:$F$622,0),3) -> Renan Lodi | ... U7: =INDEX('Draft Board'!$A$2:$AB$622,MATCH('Post-Mortem'!K7,'Draft Board'!$F$2:$F$622,0),3) -> Fábio | V7: =INDEX('Draft Board'!$A$2:$AB$622,MATCH('Post-Mortem'!B7,'Draft Board'!$F$2:$F$622,0),21) -> S- | W7: =INDEX('Draft Board'!$A$2:$AB$622,MATCH('Post-Mortem'!C7,'Draft Board'!$F$2:$F$622,0),21) -> B | X7: =INDEX('Draft Board'!$A$2:$AB$622,MATCH('Post-Mortem'!D7,'Draft Board'!$F$2:$F$622,0),21) -> A+ | Y7: =INDEX('Draft Board'!$A$2:$AB$622,MATCH('Post-Mortem'!E7,'Draft Board'!$F$2:$F$622,0),21) -> A | Z7: =INDEX('Draft Board'!$A$2:$AB$622,MATCH('Post-Mortem'!F7,'Draft Board'!$F$2:$F$622,0),21) -> S- | AA7: =INDEX('Draft Board'!$A$2:$AB$622,MATCH('Post-Mortem'!G7,'Draft Board'!$F$2:$F$622,0),21) -> A | AB7: =INDEX('Draft Board'!$A$2:$AB$622,MATCH('Post-Mortem'!H7,'Draft Board'!$F$2:$F$622,0),21) -> B+ | AC7: =INDEX('Draft Board'!$A$2:$AB$622,MATCH('Post-Mortem'!I7,'Draft Board'!$F$2:$F$622,0),21) -> A+ | ... AE7: =INDEX('Draft Board'!$A$2:$AB$622,MATCH('Post-Mortem'!K7,'Draft Board'!$F$2:$F$622,0),21) -> B- | AF7: =INDEX('Draft Board'!$A$2:$AB$622,MATCH('Post-Mortem'!B7,'Draft Board'!$F$2:$F$622,0),22) -> 19 | AG7: =INDEX('Draft Board'!$A$2:$AB$622,MATCH('Post-Mortem'!C7,'Draft Board'!$F$2:$F$622,0),22) -> 93 | AH7: =INDEX('Draft Board'!$A$2:$AB$622,MATCH('Post-Mortem'!D7,'Draft Board'!$F$2:$F$622,0),22) -> 28 | AI7: =INDEX('Draft Board'!$A$2:$AB$622,MATCH('Post-Mortem'!E7,'Draft Board'!$F$2:$F$622,0),22) -> 41 | AJ7: =INDEX('Draft Board'!$A$2:$AB$622,MATCH('Post-Mortem'!F7,'Draft Board'!$F$2:$F$622,0),22) -> 18 | AK7: =INDEX('Draft Board'!$A$2:$AB$622,MATCH('Post-Mortem'!G7,'Draft Board'!$F$2:$F$622,0),22) -> 29 | AL7: =INDEX('Draft Board'!$A$2:$AB$622,MATCH('Post-Mortem'!H7,'Draft Board'!$F$2:$F$622,0),22) -> 66 | AM7: =INDEX('Draft Board'!$A$2:$AB$622,MATCH('Post-Mortem'!I7,'Draft Board'!$F$2:$F$622,0),22) -> 27 | ... AO7: =INDEX('Draft Board'!$A$2:$AB$622,MATCH('Post-Mortem'!K7,'Draft Board'!$F$2:$F$622,0),22) -> 109 | AP7: =B7-AF7 -> 22 | AQ7: =C7-AG7 -> -51 | AR7: =D7-AH7 -> 15 | AS7: =E7-AI7 -> 3 | AT7: =F7-AJ7 -> 27 | AU7: =G7-AK7 -> 17 | AV7: =H7-AL7 -> -19 | AW7: =I7-AM7 -> 21 | ... AY7: =K7-AO7 -> -59
A8: =A7+1 -> 6 | B8: =B6+20 -> 60 | C8: =C6+20 -> 59 | D8: =D6+20 -> 58 | E8: =E6+20 -> 57 | F8: =F6+20 -> 56 | G8: =G6+20 -> 55 | H8: =H6+20 -> 54 | I8: =I6+20 -> 53 | ... K8: =K6+20 -> 51 | L8: =INDEX('Draft Board'!$A$2:$AB$622,MATCH('Post-Mortem'!B8,'Draft Board'!$F$2:$F$622,0),3) -> Fabrício Bruno | M8: =INDEX('Draft Board'!$A$2:$AB$622,MATCH('Post-Mortem'!C8,'Draft Board'!$F$2:$F$622,0),3) -> Walter | N8: =INDEX('Draft Board'!$A$2:$AB$622,MATCH('Post-Mortem'!D8,'Draft Board'!$F$2:$F$622,0),3) -> Santiago Rodríguez | O8: =INDEX('Draft Board'!$A$2:$AB$622,MATCH('Post-Mortem'!E8,'Draft Board'!$F$2:$F$622,0),3) -> Arboleda | P8: =INDEX('Draft Board'!$A$2:$AB$622,MATCH('Post-Mortem'!F8,'Draft Board'!$F$2:$F$622,0),3) -> Arthur Cabral | Q8: =INDEX('Draft Board'!$A$2:$AB$622,MATCH('Post-Mortem'!G8,'Draft Board'!$F$2:$F$622,0),3) -> Garro | R8: =INDEX('Draft Board'!$A$2:$AB$622,MATCH('Post-Mortem'!H8,'Draft Board'!$F$2:$F$622,0),3) -> Tetê | S8: =INDEX('Draft Board'!$A$2:$AB$622,MATCH('Post-Mortem'!I8,'Draft Board'!$F$2:$F$622,0),3) -> Juninho Capixaba | ... U8: =INDEX('Draft Board'!$A$2:$AB$622,MATCH('Post-Mortem'!K8,'Draft Board'!$F$2:$F$622,0),3) -> Piquerez | V8: =INDEX('Draft Board'!$A$2:$AB$622,MATCH('Post-Mortem'!B8,'Draft Board'!$F$2:$F$622,0),21) -> A | W8: =INDEX('Draft Board'!$A$2:$AB$622,MATCH('Post-Mortem'!C8,'Draft Board'!$F$2:$F$622,0),21) -> S- | X8: =INDEX('Draft Board'!$A$2:$AB$622,MATCH('Post-Mortem'!D8,'Draft Board'!$F$2:$F$622,0),21) -> B | Y8: =INDEX('Draft Board'!$A$2:$AB$622,MATCH('Post-Mortem'!E8,'Draft Board'!$F$2:$F$622,0),21) -> A | Z8: =INDEX('Draft Board'!$A$2:$AB$622,MATCH('Post-Mortem'!F8,'Draft Board'!$F$2:$F$622,0),21) -> C+ | AA8: =INDEX('Draft Board'!$A$2:$AB$622,MATCH('Post-Mortem'!G8,'Draft Board'!$F$2:$F$622,0),21) -> C+ | AB8: =INDEX('Draft Board'!$A$2:$AB$622,MATCH('Post-Mortem'!H8,'Draft Board'!$F$2:$F$622,0),21) -> B+ | AC8: =INDEX('Draft Board'!$A$2:$AB$622,MATCH('Post-Mortem'!I8,'Draft Board'!$F$2:$F$622,0),21) -> A | ... AE8: =INDEX('Draft Board'!$A$2:$AB$622,MATCH('Post-Mortem'!K8,'Draft Board'!$F$2:$F$622,0),21) -> A | AF8: =INDEX('Draft Board'!$A$2:$AB$622,MATCH('Post-Mortem'!B8,'Draft Board'!$F$2:$F$622,0),22) -> 39 | AG8: =INDEX('Draft Board'!$A$2:$AB$622,MATCH('Post-Mortem'!C8,'Draft Board'!$F$2:$F$622,0),22) -> 20 | AH8: =INDEX('Draft Board'!$A$2:$AB$622,MATCH('Post-Mortem'!D8,'Draft Board'!$F$2:$F$622,0),22) -> 99 | AI8: =INDEX('Draft Board'!$A$2:$AB$622,MATCH('Post-Mortem'!E8,'Draft Board'!$F$2:$F$622,0),22) -> 46 | AJ8: =INDEX('Draft Board'!$A$2:$AB$622,MATCH('Post-Mortem'!F8,'Draft Board'!$F$2:$F$622,0),22) -> 125 | AK8: =INDEX('Draft Board'!$A$2:$AB$622,MATCH('Post-Mortem'!G8,'Draft Board'!$F$2:$F$622,0),22) -> 139 | AL8: =INDEX('Draft Board'!$A$2:$AB$622,MATCH('Post-Mortem'!H8,'Draft Board'!$F$2:$F$622,0),22) -> 69 | AM8: =INDEX('Draft Board'!$A$2:$AB$622,MATCH('Post-Mortem'!I8,'Draft Board'!$F$2:$F$622,0),22) -> 32 | ... AO8: =INDEX('Draft Board'!$A$2:$AB$622,MATCH('Post-Mortem'!K8,'Draft Board'!$F$2:$F$622,0),22) -> 31 | AP8: =B8-AF8 -> 21 | AQ8: =C8-AG8 -> 39 | AR8: =D8-AH8 -> -41 | AS8: =E8-AI8 -> 11 | AT8: =F8-AJ8 -> -69 | AU8: =G8-AK8 -> -84 | AV8: =H8-AL8 -> -15 | AW8: =I8-AM8 -> 21 | ... AY8: =K8-AO8 -> 20
A9: =A8+1 -> 7 | B9: =B7+20 -> 61 | C9: =C7+20 -> 62 | D9: =D7+20 -> 63 | E9: =E7+20 -> 64 | F9: =F7+20 -> 65 | G9: =G7+20 -> 66 | H9: =H7+20 -> 67 | I9: =I7+20 -> 68 | ... K9: =K7+20 -> 70 | L9: =INDEX('Draft Board'!$A$2:$AB$622,MATCH('Post-Mortem'!B9,'Draft Board'!$F$2:$F$622,0),3) -> Erick | M9: =INDEX('Draft Board'!$A$2:$AB$622,MATCH('Post-Mortem'!C9,'Draft Board'!$F$2:$F$622,0),3) -> Alesson | N9: =INDEX('Draft Board'!$A$2:$AB$622,MATCH('Post-Mortem'!D9,'Draft Board'!$F$2:$F$622,0),3) -> Léo Jardim | O9: =INDEX('Draft Board'!$A$2:$AB$622,MATCH('Post-Mortem'!E9,'Draft Board'!$F$2:$F$622,0),3) -> Philippe Coutinho | P9: =INDEX('Draft Board'!$A$2:$AB$622,MATCH('Post-Mortem'!F9,'Draft Board'!$F$2:$F$622,0),3) -> Maurício | Q9: =INDEX('Draft Board'!$A$2:$AB$622,MATCH('Post-Mortem'!G9,'Draft Board'!$F$2:$F$622,0),3) -> Gustavo Scarpa | R9: =INDEX('Draft Board'!$A$2:$AB$622,MATCH('Post-Mortem'!H9,'Draft Board'!$F$2:$F$622,0),3) -> Everson | S9: =INDEX('Draft Board'!$A$2:$AB$622,MATCH('Post-Mortem'!I9,'Draft Board'!$F$2:$F$622,0),3) -> Varela | ... U9: =INDEX('Draft Board'!$A$2:$AB$622,MATCH('Post-Mortem'!K9,'Draft Board'!$F$2:$F$622,0),3) -> Luiz Araújo | V9: =INDEX('Draft Board'!$A$2:$AB$622,MATCH('Post-Mortem'!B9,'Draft Board'!$F$2:$F$622,0),21) -> A | W9: =INDEX('Draft Board'!$A$2:$AB$622,MATCH('Post-Mortem'!C9,'Draft Board'!$F$2:$F$622,0),21) -> B+ | X9: =INDEX('Draft Board'!$A$2:$AB$622,MATCH('Post-Mortem'!D9,'Draft Board'!$F$2:$F$622,0),21) -> C- | Y9: =INDEX('Draft Board'!$A$2:$AB$622,MATCH('Post-Mortem'!E9,'Draft Board'!$F$2:$F$622,0),21) -> B+ | Z9: =INDEX('Draft Board'!$A$2:$AB$622,MATCH('Post-Mortem'!F9,'Draft Board'!$F$2:$F$622,0),21) -> B- | AA9: =INDEX('Draft Board'!$A$2:$AB$622,MATCH('Post-Mortem'!G9,'Draft Board'!$F$2:$F$622,0),21) -> C+ | AB9: =INDEX('Draft Board'!$A$2:$AB$622,MATCH('Post-Mortem'!H9,'Draft Board'!$F$2:$F$622,0),21) -> B | AC9: =INDEX('Draft Board'!$A$2:$AB$622,MATCH('Post-Mortem'!I9,'Draft Board'!$F$2:$F$622,0),21) -> B- | ... AE9: =INDEX('Draft Board'!$A$2:$AB$622,MATCH('Post-Mortem'!K9,'Draft Board'!$F$2:$F$622,0),21) -> B | AF9: =INDEX('Draft Board'!$A$2:$AB$622,MATCH('Post-Mortem'!B9,'Draft Board'!$F$2:$F$622,0),22) -> 44 | AG9: =INDEX('Draft Board'!$A$2:$AB$622,MATCH('Post-Mortem'!C9,'Draft Board'!$F$2:$F$622,0),22) -> 76 | AH9: =INDEX('Draft Board'!$A$2:$AB$622,MATCH('Post-Mortem'!D9,'Draft Board'!$F$2:$F$622,0),22) -> 192 | AI9: =INDEX('Draft Board'!$A$2:$AB$622,MATCH('Post-Mortem'!E9,'Draft Board'!$F$2:$F$622,0),22) -> 84 | AJ9: =INDEX('Draft Board'!$A$2:$AB$622,MATCH('Post-Mortem'!F9,'Draft Board'!$F$2:$F$622,0),22) -> 108 | AK9: =INDEX('Draft Board'!$A$2:$AB$622,MATCH('Post-Mortem'!G9,'Draft Board'!$F$2:$F$622,0),22) -> 140 | AL9: =INDEX('Draft Board'!$A$2:$AB$622,MATCH('Post-Mortem'!H9,'Draft Board'!$F$2:$F$622,0),22) -> 87 | AM9: =INDEX('Draft Board'!$A$2:$AB$622,MATCH('Post-Mortem'!I9,'Draft Board'!$F$2:$F$622,0),22) -> 113 | ... AO9: =INDEX('Draft Board'!$A$2:$AB$622,MATCH('Post-Mortem'!K9,'Draft Board'!$F$2:$F$622,0),22) -> 91 | AP9: =B9-AF9 -> 17 | AQ9: =C9-AG9 -> -14 | AR9: =D9-AH9 -> -129 | AS9: =E9-AI9 -> -20 | AT9: =F9-AJ9 -> -43 | AU9: =G9-AK9 -> -74 | AV9: =H9-AL9 -> -20 | AW9: =I9-AM9 -> -45 | ... AY9: =K9-AO9 -> -21
A10: =A9+1 -> 8 | B10: =B8+20 -> 80 | C10: =C8+20 -> 79 | D10: =D8+20 -> 78 | E10: =E8+20 -> 77 | F10: =F8+20 -> 76 | G10: =G8+20 -> 75 | H10: =H8+20 -> 74 | I10: =I8+20 -> 73 | ... K10: =K8+20 -> 71 | L10: =INDEX('Draft Board'!$A$2:$AB$622,MATCH('Post-Mortem'!B10,'Draft Board'!$F$2:$F$622,0),3) -> Lucas Romero | M10: =INDEX('Draft Board'!$A$2:$AB$622,MATCH('Post-Mortem'!C10,'Draft Board'!$F$2:$F$622,0),3) -> Bernabéi | N10: =INDEX('Draft Board'!$A$2:$AB$622,MATCH('Post-Mortem'!D10,'Draft Board'!$F$2:$F$622,0),3) -> Gustavo Henrique | O10: =INDEX('Draft Board'!$A$2:$AB$622,MATCH('Post-Mortem'!E10,'Draft Board'!$F$2:$F$622,0),3) -> Felipe Anderson | P10: =INDEX('Draft Board'!$A$2:$AB$622,MATCH('Post-Mortem'!F10,'Draft Board'!$F$2:$F$622,0),3) -> Renato Kayzer | Q10: =INDEX('Draft Board'!$A$2:$AB$622,MATCH('Post-Mortem'!G10,'Draft Board'!$F$2:$F$622,0),3) -> Villalba | R10: =INDEX('Draft Board'!$A$2:$AB$622,MATCH('Post-Mortem'!H10,'Draft Board'!$F$2:$F$622,0),3) -> Guilherme Arana | S10: =INDEX('Draft Board'!$A$2:$AB$622,MATCH('Post-Mortem'!I10,'Draft Board'!$F$2:$F$622,0),3) -> Gustavo Gómez | ... U10: =INDEX('Draft Board'!$A$2:$AB$622,MATCH('Post-Mortem'!K10,'Draft Board'!$F$2:$F$622,0),3) -> Andreas Pereira | V10: =INDEX('Draft Board'!$A$2:$AB$622,MATCH('Post-Mortem'!B10,'Draft Board'!$F$2:$F$622,0),21) -> B+ | W10: =INDEX('Draft Board'!$A$2:$AB$622,MATCH('Post-Mortem'!C10,'Draft Board'!$F$2:$F$622,0),21) -> A- | X10: =INDEX('Draft Board'!$A$2:$AB$622,MATCH('Post-Mortem'!D10,'Draft Board'!$F$2:$F$622,0),21) -> C+ | Y10: =INDEX('Draft Board'!$A$2:$AB$622,MATCH('Post-Mortem'!E10,'Draft Board'!$F$2:$F$622,0),21) -> 0 | Z10: =INDEX('Draft Board'!$A$2:$AB$622,MATCH('Post-Mortem'!F10,'Draft Board'!$F$2:$F$622,0),21) -> B+ | AA10: =INDEX('Draft Board'!$A$2:$AB$622,MATCH('Post-Mortem'!G10,'Draft Board'!$F$2:$F$622,0),21) -> A- | AB10: =INDEX('Draft Board'!$A$2:$AB$622,MATCH('Post-Mortem'!H10,'Draft Board'!$F$2:$F$622,0),21) -> C+ | AC10: =INDEX('Draft Board'!$A$2:$AB$622,MATCH('Post-Mortem'!I10,'Draft Board'!$F$2:$F$622,0),21) -> A- | ... AE10: =INDEX('Draft Board'!$A$2:$AB$622,MATCH('Post-Mortem'!K10,'Draft Board'!$F$2:$F$622,0),21) -> C | AF10: =INDEX('Draft Board'!$A$2:$AB$622,MATCH('Post-Mortem'!B10,'Draft Board'!$F$2:$F$622,0),22) -> 73 | AG10: =INDEX('Draft Board'!$A$2:$AB$622,MATCH('Post-Mortem'!C10,'Draft Board'!$F$2:$F$622,0),22) -> 48 | AH10: =INDEX('Draft Board'!$A$2:$AB$622,MATCH('Post-Mortem'!D10,'Draft Board'!$F$2:$F$622,0),22) -> 127 | AI10: =INDEX('Draft Board'!$A$2:$AB$622,MATCH('Post-Mortem'!E10,'Draft Board'!$F$2:$F$622,0),22) -> 0 | AJ10: =INDEX('Draft Board'!$A$2:$AB$622,MATCH('Post-Mortem'!F10,'Draft Board'!$F$2:$F$622,0),22) -> 79 | AK10: =INDEX('Draft Board'!$A$2:$AB$622,MATCH('Post-Mortem'!G10,'Draft Board'!$F$2:$F$622,0),22) -> 49 | AL10: =INDEX('Draft Board'!$A$2:$AB$622,MATCH('Post-Mortem'!H10,'Draft Board'!$F$2:$F$622,0),22) -> 135 | AM10: =INDEX('Draft Board'!$A$2:$AB$622,MATCH('Post-Mortem'!I10,'Draft Board'!$F$2:$F$622,0),22) -> 59 | ... AO10: =INDEX('Draft Board'!$A$2:$AB$622,MATCH('Post-Mortem'!K10,'Draft Board'!$F$2:$F$622,0),22) -> 185 | AP10: =B10-AF10 -> 7 | AQ10: =C10-AG10 -> 31 | AR10: =D10-AH10 -> -49 | AS10: =E10-AI10 -> 77 | AT10: =F10-AJ10 -> -3 | AU10: =G10-AK10 -> 26 | AV10: =H10-AL10 -> -61 | AW10: =I10-AM10 -> 14 | ... AY10: =K10-AO10 -> -114
A11: =A10+1 -> 9 | B11: =B9+20 -> 81 | C11: =C9+20 -> 82 | D11: =D9+20 -> 83 | E11: =E9+20 -> 84 | F11: =F9+20 -> 85 | G11: =G9+20 -> 86 | H11: =H9+20 -> 87 | I11: =I9+20 -> 88 | ... K11: =K9+20 -> 90 | L11: =INDEX('Draft Board'!$A$2:$AB$622,MATCH('Post-Mortem'!B11,'Draft Board'!$F$2:$F$622,0),3) -> Jean Lucas | M11: =INDEX('Draft Board'!$A$2:$AB$622,MATCH('Post-Mortem'!C11,'Draft Board'!$F$2:$F$622,0),3) -> Enzo Díaz | N11: =INDEX('Draft Board'!$A$2:$AB$622,MATCH('Post-Mortem'!D11,'Draft Board'!$F$2:$F$622,0),3) -> Vitão | O11: =INDEX('Draft Board'!$A$2:$AB$622,MATCH('Post-Mortem'!E11,'Draft Board'!$F$2:$F$622,0),3) -> Murilo | P11: =INDEX('Draft Board'!$A$2:$AB$622,MATCH('Post-Mortem'!F11,'Draft Board'!$F$2:$F$622,0),3) -> Arthur Melo | Q11: =INDEX('Draft Board'!$A$2:$AB$622,MATCH('Post-Mortem'!G11,'Draft Board'!$F$2:$F$622,0),3) -> Savarino | R11: =INDEX('Draft Board'!$A$2:$AB$622,MATCH('Post-Mortem'!H11,'Draft Board'!$F$2:$F$622,0),3) -> André Ramalho | S11: =INDEX('Draft Board'!$A$2:$AB$622,MATCH('Post-Mortem'!I11,'Draft Board'!$F$2:$F$622,0),3) -> Léo Linck | ... U11: =INDEX('Draft Board'!$A$2:$AB$622,MATCH('Post-Mortem'!K11,'Draft Board'!$F$2:$F$622,0),3) -> Everton Ribeiro | V11: =INDEX('Draft Board'!$A$2:$AB$622,MATCH('Post-Mortem'!B11,'Draft Board'!$F$2:$F$622,0),21) -> B+ | W11: =INDEX('Draft Board'!$A$2:$AB$622,MATCH('Post-Mortem'!C11,'Draft Board'!$F$2:$F$622,0),21) -> S- | X11: =INDEX('Draft Board'!$A$2:$AB$622,MATCH('Post-Mortem'!D11,'Draft Board'!$F$2:$F$622,0),21) -> D+ | Y11: =INDEX('Draft Board'!$A$2:$AB$622,MATCH('Post-Mortem'!E11,'Draft Board'!$F$2:$F$622,0),21) -> C | Z11: =INDEX('Draft Board'!$A$2:$AB$622,MATCH('Post-Mortem'!F11,'Draft Board'!$F$2:$F$622,0),21) -> B- | AA11: =INDEX('Draft Board'!$A$2:$AB$622,MATCH('Post-Mortem'!G11,'Draft Board'!$F$2:$F$622,0),21) -> C+ | AB11: =INDEX('Draft Board'!$A$2:$AB$622,MATCH('Post-Mortem'!H11,'Draft Board'!$F$2:$F$622,0),21) -> C | AC11: =INDEX('Draft Board'!$A$2:$AB$622,MATCH('Post-Mortem'!I11,'Draft Board'!$F$2:$F$622,0),21) -> D | ... AE11: =INDEX('Draft Board'!$A$2:$AB$622,MATCH('Post-Mortem'!K11,'Draft Board'!$F$2:$F$622,0),21) -> B- | AF11: =INDEX('Draft Board'!$A$2:$AB$622,MATCH('Post-Mortem'!B11,'Draft Board'!$F$2:$F$622,0),22) -> 77 | AG11: =INDEX('Draft Board'!$A$2:$AB$622,MATCH('Post-Mortem'!C11,'Draft Board'!$F$2:$F$622,0),22) -> 16 | AH11: =INDEX('Draft Board'!$A$2:$AB$622,MATCH('Post-Mortem'!D11,'Draft Board'!$F$2:$F$622,0),22) -> 236 | AI11: =INDEX('Draft Board'!$A$2:$AB$622,MATCH('Post-Mortem'!E11,'Draft Board'!$F$2:$F$622,0),22) -> 171 | AJ11: =INDEX('Draft Board'!$A$2:$AB$622,MATCH('Post-Mortem'!F11,'Draft Board'!$F$2:$F$622,0),22) -> 123 | AK11: =INDEX('Draft Board'!$A$2:$AB$622,MATCH('Post-Mortem'!G11,'Draft Board'!$F$2:$F$622,0),22) -> 132 | AL11: =INDEX('Draft Board'!$A$2:$AB$622,MATCH('Post-Mortem'!H11,'Draft Board'!$F$2:$F$622,0),22) -> 165 | AM11: =INDEX('Draft Board'!$A$2:$AB$622,MATCH('Post-Mortem'!I11,'Draft Board'!$F$2:$F$622,0),22) -> 256 | ... AO11: =INDEX('Draft Board'!$A$2:$AB$622,MATCH('Post-Mortem'!K11,'Draft Board'!$F$2:$F$622,0),22) -> 120 | AP11: =B11-AF11 -> 4 | AQ11: =C11-AG11 -> 66 | AR11: =D11-AH11 -> -153 | AS11: =E11-AI11 -> -87 | AT11: =F11-AJ11 -> -38 | AU11: =G11-AK11 -> -46 | AV11: =H11-AL11 -> -78 | AW11: =I11-AM11 -> -168 | ... AY11: =K11-AO11 -> -30
A12: =A11+1 -> 10 | B12: =B10+20 -> 100 | C12: =C10+20 -> 99 | D12: =D10+20 -> 98 | E12: =E10+20 -> 97 | F12: =F10+20 -> 96 | G12: =G10+20 -> 95 | H12: =H10+20 -> 94 | I12: =I10+20 -> 93 | ... K12: =K10+20 -> 91 | L12: =INDEX('Draft Board'!$A$2:$AB$622,MATCH('Post-Mortem'!B12,'Draft Board'!$F$2:$F$622,0),3) -> Vitinho | M12: =INDEX('Draft Board'!$A$2:$AB$622,MATCH('Post-Mortem'!C12,'Draft Board'!$F$2:$F$622,0),3) -> Khellven | N12: =INDEX('Draft Board'!$A$2:$AB$622,MATCH('Post-Mortem'!D12,'Draft Board'!$F$2:$F$622,0),3) -> Gilberto | O12: =INDEX('Draft Board'!$A$2:$AB$622,MATCH('Post-Mortem'!E12,'Draft Board'!$F$2:$F$622,0),3) -> Bruno Henrique | P12: =INDEX('Draft Board'!$A$2:$AB$622,MATCH('Post-Mortem'!F12,'Draft Board'!$F$2:$F$622,0),3) -> Matheuzinho | Q12: =INDEX('Draft Board'!$A$2:$AB$622,MATCH('Post-Mortem'!G12,'Draft Board'!$F$2:$F$622,0),3) -> Zapelli | R12: =INDEX('Draft Board'!$A$2:$AB$622,MATCH('Post-Mortem'!H12,'Draft Board'!$F$2:$F$622,0),3) -> Carbonero | S12: =INDEX('Draft Board'!$A$2:$AB$622,MATCH('Post-Mortem'!I12,'Draft Board'!$F$2:$F$622,0),3) -> Artur | ... U12: =INDEX('Draft Board'!$A$2:$AB$622,MATCH('Post-Mortem'!K12,'Draft Board'!$F$2:$F$622,0),3) -> Lucas Moura | V12: =INDEX('Draft Board'!$A$2:$AB$622,MATCH('Post-Mortem'!B12,'Draft Board'!$F$2:$F$622,0),21) -> A+ | W12: =INDEX('Draft Board'!$A$2:$AB$622,MATCH('Post-Mortem'!C12,'Draft Board'!$F$2:$F$622,0),21) -> A | X12: =INDEX('Draft Board'!$A$2:$AB$622,MATCH('Post-Mortem'!D12,'Draft Board'!$F$2:$F$622,0),21) -> C | Y12: =INDEX('Draft Board'!$A$2:$AB$622,MATCH('Post-Mortem'!E12,'Draft Board'!$F$2:$F$622,0),21) -> D+ | Z12: =INDEX('Draft Board'!$A$2:$AB$622,MATCH('Post-Mortem'!F12,'Draft Board'!$F$2:$F$622,0),21) -> A+ | AA12: =INDEX('Draft Board'!$A$2:$AB$622,MATCH('Post-Mortem'!G12,'Draft Board'!$F$2:$F$622,0),21) -> C+ | AB12: =INDEX('Draft Board'!$A$2:$AB$622,MATCH('Post-Mortem'!H12,'Draft Board'!$F$2:$F$622,0),21) -> B+ | AC12: =INDEX('Draft Board'!$A$2:$AB$622,MATCH('Post-Mortem'!I12,'Draft Board'!$F$2:$F$622,0),21) -> B- | ... AE12: =INDEX('Draft Board'!$A$2:$AB$622,MATCH('Post-Mortem'!K12,'Draft Board'!$F$2:$F$622,0),21) -> C | AF12: =INDEX('Draft Board'!$A$2:$AB$622,MATCH('Post-Mortem'!B12,'Draft Board'!$F$2:$F$622,0),22) -> 26 | AG12: =INDEX('Draft Board'!$A$2:$AB$622,MATCH('Post-Mortem'!C12,'Draft Board'!$F$2:$F$622,0),22) -> 45 | AH12: =INDEX('Draft Board'!$A$2:$AB$622,MATCH('Post-Mortem'!D12,'Draft Board'!$F$2:$F$622,0),22) -> 150 | AI12: =INDEX('Draft Board'!$A$2:$AB$622,MATCH('Post-Mortem'!E12,'Draft Board'!$F$2:$F$622,0),22) -> 227 | AJ12: =INDEX('Draft Board'!$A$2:$AB$622,MATCH('Post-Mortem'!F12,'Draft Board'!$F$2:$F$622,0),22) -> 21 | AK12: =INDEX('Draft Board'!$A$2:$AB$622,MATCH('Post-Mortem'!G12,'Draft Board'!$F$2:$F$622,0),22) -> 142 | AL12: =INDEX('Draft Board'!$A$2:$AB$622,MATCH('Post-Mortem'!H12,'Draft Board'!$F$2:$F$622,0),22) -> 78 | AM12: =INDEX('Draft Board'!$A$2:$AB$622,MATCH('Post-Mortem'!I12,'Draft Board'!$F$2:$F$622,0),22) -> 116 | ... AO12: =INDEX('Draft Board'!$A$2:$AB$622,MATCH('Post-Mortem'!K12,'Draft Board'!$F$2:$F$622,0),22) -> 147 | AP12: =B12-AF12 -> 74 | AQ12: =C12-AG12 -> 54 | AR12: =D12-AH12 -> -52 | AS12: =E12-AI12 -> -130 | AT12: =F12-AJ12 -> 75 | AU12: =G12-AK12 -> -47 | AV12: =H12-AL12 -> 16 | AW12: =I12-AM12 -> -23 | ... AY12: =K12-AO12 -> -56
A13: =A12+1 -> 11 | B13: =B11+20 -> 101 | C13: =C11+20 -> 102 | D13: =D11+20 -> 103 | E13: =E11+20 -> 104 | F13: =F11+20 -> 105 | G13: =G11+20 -> 106 | H13: =H11+20 -> 107 | I13: =I11+20 -> 108 | ... K13: =K11+20 -> 110 | L13: =INDEX('Draft Board'!$A$2:$AB$622,MATCH('Post-Mortem'!B13,'Draft Board'!$F$2:$F$622,0),3) -> Lucas Barbosa | M13: =INDEX('Draft Board'!$A$2:$AB$622,MATCH('Post-Mortem'!C13,'Draft Board'!$F$2:$F$622,0),3) -> Andrés Gómez | N13: =INDEX('Draft Board'!$A$2:$AB$622,MATCH('Post-Mortem'!D13,'Draft Board'!$F$2:$F$622,0),3) -> Igor Vinícius | O13: =INDEX('Draft Board'!$A$2:$AB$622,MATCH('Post-Mortem'!E13,'Draft Board'!$F$2:$F$622,0),3) -> Neto | P13: =INDEX('Draft Board'!$A$2:$AB$622,MATCH('Post-Mortem'!F13,'Draft Board'!$F$2:$F$622,0),3) -> Santiago Mingo | Q13: =INDEX('Draft Board'!$A$2:$AB$622,MATCH('Post-Mortem'!G13,'Draft Board'!$F$2:$F$622,0),3) -> Rollheiser | R13: =INDEX('Draft Board'!$A$2:$AB$622,MATCH('Post-Mortem'!H13,'Draft Board'!$F$2:$F$622,0),3) -> Marlon Freitas | S13: =INDEX('Draft Board'!$A$2:$AB$622,MATCH('Post-Mortem'!I13,'Draft Board'!$F$2:$F$622,0),3) -> Junior Alonso | ... U13: =INDEX('Draft Board'!$A$2:$AB$622,MATCH('Post-Mortem'!K13,'Draft Board'!$F$2:$F$622,0),3) -> Wagner Leonardo | V13: =INDEX('Draft Board'!$A$2:$AB$622,MATCH('Post-Mortem'!B13,'Draft Board'!$F$2:$F$622,0),21) -> A- | W13: =INDEX('Draft Board'!$A$2:$AB$622,MATCH('Post-Mortem'!C13,'Draft Board'!$F$2:$F$622,0),21) -> B+ | X13: =INDEX('Draft Board'!$A$2:$AB$622,MATCH('Post-Mortem'!D13,'Draft Board'!$F$2:$F$622,0),21) -> B- | Y13: =INDEX('Draft Board'!$A$2:$AB$622,MATCH('Post-Mortem'!E13,'Draft Board'!$F$2:$F$622,0),21) -> C- | Z13: =INDEX('Draft Board'!$A$2:$AB$622,MATCH('Post-Mortem'!F13,'Draft Board'!$F$2:$F$622,0),21) -> D+ | AA13: =INDEX('Draft Board'!$A$2:$AB$622,MATCH('Post-Mortem'!G13,'Draft Board'!$F$2:$F$622,0),21) -> C | AB13: =INDEX('Draft Board'!$A$2:$AB$622,MATCH('Post-Mortem'!H13,'Draft Board'!$F$2:$F$622,0),21) -> D+ | AC13: =INDEX('Draft Board'!$A$2:$AB$622,MATCH('Post-Mortem'!I13,'Draft Board'!$F$2:$F$622,0),21) -> C+ | ... AE13: =INDEX('Draft Board'!$A$2:$AB$622,MATCH('Post-Mortem'!K13,'Draft Board'!$F$2:$F$622,0),21) -> C- | AF13: =INDEX('Draft Board'!$A$2:$AB$622,MATCH('Post-Mortem'!B13,'Draft Board'!$F$2:$F$622,0),22) -> 54 | AG13: =INDEX('Draft Board'!$A$2:$AB$622,MATCH('Post-Mortem'!C13,'Draft Board'!$F$2:$F$622,0),22) -> 71 | AH13: =INDEX('Draft Board'!$A$2:$AB$622,MATCH('Post-Mortem'!D13,'Draft Board'!$F$2:$F$622,0),22) -> 114 | AI13: =INDEX('Draft Board'!$A$2:$AB$622,MATCH('Post-Mortem'!E13,'Draft Board'!$F$2:$F$622,0),22) -> 194 | AJ13: =INDEX('Draft Board'!$A$2:$AB$622,MATCH('Post-Mortem'!F13,'Draft Board'!$F$2:$F$622,0),22) -> 233 | AK13: =INDEX('Draft Board'!$A$2:$AB$622,MATCH('Post-Mortem'!G13,'Draft Board'!$F$2:$F$622,0),22) -> 186 | AL13: =INDEX('Draft Board'!$A$2:$AB$622,MATCH('Post-Mortem'!H13,'Draft Board'!$F$2:$F$622,0),22) -> 250 | AM13: =INDEX('Draft Board'!$A$2:$AB$622,MATCH('Post-Mortem'!I13,'Draft Board'!$F$2:$F$622,0),22) -> 124 | ... AO13: =INDEX('Draft Board'!$A$2:$AB$622,MATCH('Post-Mortem'!K13,'Draft Board'!$F$2:$F$622,0),22) -> 206 | AP13: =B13-AF13 -> 47 | AQ13: =C13-AG13 -> 31 | AR13: =D13-AH13 -> -11 | AS13: =E13-AI13 -> -90 | AT13: =F13-AJ13 -> -128 | AU13: =G13-AK13 -> -80 | AV13: =H13-AL13 -> -143 | AW13: =I13-AM13 -> -16 | ... AY13: =K13-AO13 -> -96
A14: =A13+1 -> 12 | B14: =B12+20 -> 120 | C14: =C12+20 -> 119 | D14: =D12+20 -> 118 | E14: =E12+20 -> 117 | F14: =F12+20 -> 116 | G14: =G12+20 -> 115 | H14: =H12+20 -> 114 | I14: =I12+20 -> 113 | ... K14: =K12+20 -> 111 | L14: =INDEX('Draft Board'!$A$2:$AB$622,MATCH('Post-Mortem'!B14,'Draft Board'!$F$2:$F$622,0),3) -> Raniele | M14: =INDEX('Draft Board'!$A$2:$AB$622,MATCH('Post-Mortem'!C14,'Draft Board'!$F$2:$F$622,0),3) -> Bobadilla | N14: =INDEX('Draft Board'!$A$2:$AB$622,MATCH('Post-Mortem'!D14,'Draft Board'!$F$2:$F$622,0),3) -> Gabriel Brazão | O14: =INDEX('Draft Board'!$A$2:$AB$622,MATCH('Post-Mortem'!E14,'Draft Board'!$F$2:$F$622,0),3) -> Christian | P14: =INDEX('Draft Board'!$A$2:$AB$622,MATCH('Post-Mortem'!F14,'Draft Board'!$F$2:$F$622,0),3) -> Paulinho | Q14: =INDEX('Draft Board'!$A$2:$AB$622,MATCH('Post-Mortem'!G14,'Draft Board'!$F$2:$F$622,0),3) -> Breno Lopes | R14: =INDEX('Draft Board'!$A$2:$AB$622,MATCH('Post-Mortem'!H14,'Draft Board'!$F$2:$F$622,0),3) -> Danielzinho | S14: =INDEX('Draft Board'!$A$2:$AB$622,MATCH('Post-Mortem'!I14,'Draft Board'!$F$2:$F$622,0),3) -> Calleri | ... U14: =INDEX('Draft Board'!$A$2:$AB$622,MATCH('Post-Mortem'!K14,'Draft Board'!$F$2:$F$622,0),3) -> Ayrton Lucas | V14: =INDEX('Draft Board'!$A$2:$AB$622,MATCH('Post-Mortem'!B14,'Draft Board'!$F$2:$F$622,0),21) -> B+ | W14: =INDEX('Draft Board'!$A$2:$AB$622,MATCH('Post-Mortem'!C14,'Draft Board'!$F$2:$F$622,0),21) -> B+ | X14: =INDEX('Draft Board'!$A$2:$AB$622,MATCH('Post-Mortem'!D14,'Draft Board'!$F$2:$F$622,0),21) -> B- | Y14: =INDEX('Draft Board'!$A$2:$AB$622,MATCH('Post-Mortem'!E14,'Draft Board'!$F$2:$F$622,0),21) -> B+ | Z14: =INDEX('Draft Board'!$A$2:$AB$622,MATCH('Post-Mortem'!F14,'Draft Board'!$F$2:$F$622,0),21) -> A- | AA14: =INDEX('Draft Board'!$A$2:$AB$622,MATCH('Post-Mortem'!G14,'Draft Board'!$F$2:$F$622,0),21) -> B | AB14: =INDEX('Draft Board'!$A$2:$AB$622,MATCH('Post-Mortem'!H14,'Draft Board'!$F$2:$F$622,0),21) -> C | AC14: =INDEX('Draft Board'!$A$2:$AB$622,MATCH('Post-Mortem'!I14,'Draft Board'!$F$2:$F$622,0),21) -> B+ | ... AE14: =INDEX('Draft Board'!$A$2:$AB$622,MATCH('Post-Mortem'!K14,'Draft Board'!$F$2:$F$622,0),21) -> C | AF14: =INDEX('Draft Board'!$A$2:$AB$622,MATCH('Post-Mortem'!B14,'Draft Board'!$F$2:$F$622,0),22) -> 80 | AG14: =INDEX('Draft Board'!$A$2:$AB$622,MATCH('Post-Mortem'!C14,'Draft Board'!$F$2:$F$622,0),22) -> 85 | AH14: =INDEX('Draft Board'!$A$2:$AB$622,MATCH('Post-Mortem'!D14,'Draft Board'!$F$2:$F$622,0),22) -> 107 | AI14: =INDEX('Draft Board'!$A$2:$AB$622,MATCH('Post-Mortem'!E14,'Draft Board'!$F$2:$F$622,0),22) -> 81 | AJ14: =INDEX('Draft Board'!$A$2:$AB$622,MATCH('Post-Mortem'!F14,'Draft Board'!$F$2:$F$622,0),22) -> 60 | AK14: =INDEX('Draft Board'!$A$2:$AB$622,MATCH('Post-Mortem'!G14,'Draft Board'!$F$2:$F$622,0),22) -> 94 | AL14: =INDEX('Draft Board'!$A$2:$AB$622,MATCH('Post-Mortem'!H14,'Draft Board'!$F$2:$F$622,0),22) -> 179 | AM14: =INDEX('Draft Board'!$A$2:$AB$622,MATCH('Post-Mortem'!I14,'Draft Board'!$F$2:$F$622,0),22) -> 68 | ... AO14: =INDEX('Draft Board'!$A$2:$AB$622,MATCH('Post-Mortem'!K14,'Draft Board'!$F$2:$F$622,0),22) -> 159 | AP14: =B14-AF14 -> 40 | AQ14: =C14-AG14 -> 34 | AR14: =D14-AH14 -> 11 | AS14: =E14-AI14 -> 36 | AT14: =F14-AJ14 -> 56 | AU14: =G14-AK14 -> 21 | AV14: =H14-AL14 -> -65 | AW14: =I14-AM14 -> 45 | ... AY14: =K14-AO14 -> -48
A15: =A14+1 -> 13 | B15: =B13+20 -> 121 | C15: =C13+20 -> 122 | D15: =D13+20 -> 123 | E15: =E13+20 -> 124 | F15: =F13+20 -> 125 | G15: =G13+20 -> 126 | H15: =H13+20 -> 127 | I15: =I13+20 -> 128 | ... K15: =K13+20 -> 130 | L15: =INDEX('Draft Board'!$A$2:$AB$622,MATCH('Post-Mortem'!B15,'Draft Board'!$F$2:$F$622,0),3) -> Vitor Hugo | M15: =INDEX('Draft Board'!$A$2:$AB$622,MATCH('Post-Mortem'!C15,'Draft Board'!$F$2:$F$622,0),3) -> Cassierra | N15: =INDEX('Draft Board'!$A$2:$AB$622,MATCH('Post-Mortem'!D15,'Draft Board'!$F$2:$F$622,0),3) -> Henry Mosquera | O15: =INDEX('Draft Board'!$A$2:$AB$622,MATCH('Post-Mortem'!E15,'Draft Board'!$F$2:$F$622,0),3) -> Marçal | P15: =INDEX('Draft Board'!$A$2:$AB$622,MATCH('Post-Mortem'!F15,'Draft Board'!$F$2:$F$622,0),3) -> Allan | Q15: =INDEX('Draft Board'!$A$2:$AB$622,MATCH('Post-Mortem'!G15,'Draft Board'!$F$2:$F$622,0),3) -> Cleiton | R15: =INDEX('Draft Board'!$A$2:$AB$622,MATCH('Post-Mortem'!H15,'Draft Board'!$F$2:$F$622,0),3) -> Gustavo Marques | S15: =INDEX('Draft Board'!$A$2:$AB$622,MATCH('Post-Mortem'!I15,'Draft Board'!$F$2:$F$622,0),3) -> Matheuzinho | ... U15: =INDEX('Draft Board'!$A$2:$AB$622,MATCH('Post-Mortem'!K15,'Draft Board'!$F$2:$F$622,0),3) -> Ramón Sosa | V15: =INDEX('Draft Board'!$A$2:$AB$622,MATCH('Post-Mortem'!B15,'Draft Board'!$F$2:$F$622,0),21) -> B- | W15: =INDEX('Draft Board'!$A$2:$AB$622,MATCH('Post-Mortem'!C15,'Draft Board'!$F$2:$F$622,0),21) -> A- | X15: =INDEX('Draft Board'!$A$2:$AB$622,MATCH('Post-Mortem'!D15,'Draft Board'!$F$2:$F$622,0),21) -> D | Y15: =INDEX('Draft Board'!$A$2:$AB$622,MATCH('Post-Mortem'!E15,'Draft Board'!$F$2:$F$622,0),21) -> 0 | Z15: =INDEX('Draft Board'!$A$2:$AB$622,MATCH('Post-Mortem'!F15,'Draft Board'!$F$2:$F$622,0),21) -> D- | AA15: =INDEX('Draft Board'!$A$2:$AB$622,MATCH('Post-Mortem'!G15,'Draft Board'!$F$2:$F$622,0),21) -> C- | AB15: =INDEX('Draft Board'!$A$2:$AB$622,MATCH('Post-Mortem'!H15,'Draft Board'!$F$2:$F$622,0),21) -> D- | AC15: =INDEX('Draft Board'!$A$2:$AB$622,MATCH('Post-Mortem'!I15,'Draft Board'!$F$2:$F$622,0),21) -> B- | ... AE15: =INDEX('Draft Board'!$A$2:$AB$622,MATCH('Post-Mortem'!K15,'Draft Board'!$F$2:$F$622,0),21) -> 0 | AF15: =INDEX('Draft Board'!$A$2:$AB$622,MATCH('Post-Mortem'!B15,'Draft Board'!$F$2:$F$622,0),22) -> 118 | AG15: =INDEX('Draft Board'!$A$2:$AB$622,MATCH('Post-Mortem'!C15,'Draft Board'!$F$2:$F$622,0),22) -> 53 | AH15: =INDEX('Draft Board'!$A$2:$AB$622,MATCH('Post-Mortem'!D15,'Draft Board'!$F$2:$F$622,0),22) -> 287 | AI15: =INDEX('Draft Board'!$A$2:$AB$622,MATCH('Post-Mortem'!E15,'Draft Board'!$F$2:$F$622,0),22) -> 0 | AJ15: =INDEX('Draft Board'!$A$2:$AB$622,MATCH('Post-Mortem'!F15,'Draft Board'!$F$2:$F$622,0),22) -> 297 | AK15: =INDEX('Draft Board'!$A$2:$AB$622,MATCH('Post-Mortem'!G15,'Draft Board'!$F$2:$F$622,0),22) -> 191 | AL15: =INDEX('Draft Board'!$A$2:$AB$622,MATCH('Post-Mortem'!H15,'Draft Board'!$F$2:$F$622,0),22) -> 291 | AM15: =INDEX('Draft Board'!$A$2:$AB$622,MATCH('Post-Mortem'!I15,'Draft Board'!$F$2:$F$622,0),22) -> 119 | ... AO15: =INDEX('Draft Board'!$A$2:$AB$622,MATCH('Post-Mortem'!K15,'Draft Board'!$F$2:$F$622,0),22) -> 0 | AP15: =B15-AF15 -> 3 | AQ15: =C15-AG15 -> 69 | AR15: =D15-AH15 -> -164 | AS15: =E15-AI15 -> 124 | AT15: =F15-AJ15 -> -172 | AU15: =G15-AK15 -> -65 | AV15: =H15-AL15 -> -164 | AW15: =I15-AM15 -> 9 | ... AY15: =K15-AO15 -> 130
A16: =A15+1 -> 14 | B16: =B14+20 -> 140 | C16: =C14+20 -> 139 | D16: =D14+20 -> 138 | E16: =E14+20 -> 137 | F16: =F14+20 -> 136 | G16: =G14+20 -> 135 | H16: =H14+20 -> 134 | I16: =I14+20 -> 133 | ... K16: =K14+20 -> 131 | L16: =INDEX('Draft Board'!$A$2:$AB$622,MATCH('Post-Mortem'!B16,'Draft Board'!$F$2:$F$622,0),3) -> Rafael | M16: =INDEX('Draft Board'!$A$2:$AB$622,MATCH('Post-Mortem'!C16,'Draft Board'!$F$2:$F$622,0),3) -> Gustavo Martins | N16: =INDEX('Draft Board'!$A$2:$AB$622,MATCH('Post-Mortem'!D16,'Draft Board'!$F$2:$F$622,0),3) -> Lyanco | O16: =INDEX('Draft Board'!$A$2:$AB$622,MATCH('Post-Mortem'!E16,'Draft Board'!$F$2:$F$622,0),3) -> John Kennedy | P16: =INDEX('Draft Board'!$A$2:$AB$622,MATCH('Post-Mortem'!F16,'Draft Board'!$F$2:$F$622,0),3) -> Freytes | Q16: =INDEX('Draft Board'!$A$2:$AB$622,MATCH('Post-Mortem'!G16,'Draft Board'!$F$2:$F$622,0),3) -> Marlon | R16: =INDEX('Draft Board'!$A$2:$AB$622,MATCH('Post-Mortem'!H16,'Draft Board'!$F$2:$F$622,0),3) -> Mendoza | S16: =INDEX('Draft Board'!$A$2:$AB$622,MATCH('Post-Mortem'!I16,'Draft Board'!$F$2:$F$622,0),3) -> Lautaro Díaz | ... U16: =INDEX('Draft Board'!$A$2:$AB$622,MATCH('Post-Mortem'!K16,'Draft Board'!$F$2:$F$622,0),3) -> Marcos Antônio | V16: =INDEX('Draft Board'!$A$2:$AB$622,MATCH('Post-Mortem'!B16,'Draft Board'!$F$2:$F$622,0),21) -> A | W16: =INDEX('Draft Board'!$A$2:$AB$622,MATCH('Post-Mortem'!C16,'Draft Board'!$F$2:$F$622,0),21) -> C | X16: =INDEX('Draft Board'!$A$2:$AB$622,MATCH('Post-Mortem'!D16,'Draft Board'!$F$2:$F$622,0),21) -> 0 | Y16: =INDEX('Draft Board'!$A$2:$AB$622,MATCH('Post-Mortem'!E16,'Draft Board'!$F$2:$F$622,0),21) -> D+ | Z16: =INDEX('Draft Board'!$A$2:$AB$622,MATCH('Post-Mortem'!F16,'Draft Board'!$F$2:$F$622,0),21) -> C- | AA16: =INDEX('Draft Board'!$A$2:$AB$622,MATCH('Post-Mortem'!G16,'Draft Board'!$F$2:$F$622,0),21) -> A- | AB16: =INDEX('Draft Board'!$A$2:$AB$622,MATCH('Post-Mortem'!H16,'Draft Board'!$F$2:$F$622,0),21) -> C | AC16: =INDEX('Draft Board'!$A$2:$AB$622,MATCH('Post-Mortem'!I16,'Draft Board'!$F$2:$F$622,0),21) -> 0 | ... AE16: =INDEX('Draft Board'!$A$2:$AB$622,MATCH('Post-Mortem'!K16,'Draft Board'!$F$2:$F$622,0),21) -> D+ | AF16: =INDEX('Draft Board'!$A$2:$AB$622,MATCH('Post-Mortem'!B16,'Draft Board'!$F$2:$F$622,0),22) -> 37 | AG16: =INDEX('Draft Board'!$A$2:$AB$622,MATCH('Post-Mortem'!C16,'Draft Board'!$F$2:$F$622,0),22) -> 152 | AH16: =INDEX('Draft Board'!$A$2:$AB$622,MATCH('Post-Mortem'!D16,'Draft Board'!$F$2:$F$622,0),22) -> 0 | AI16: =INDEX('Draft Board'!$A$2:$AB$622,MATCH('Post-Mortem'!E16,'Draft Board'!$F$2:$F$622,0),22) -> 234 | AJ16: =INDEX('Draft Board'!$A$2:$AB$622,MATCH('Post-Mortem'!F16,'Draft Board'!$F$2:$F$622,0),22) -> 205 | AK16: =INDEX('Draft Board'!$A$2:$AB$622,MATCH('Post-Mortem'!G16,'Draft Board'!$F$2:$F$622,0),22) -> 51 | AL16: =INDEX('Draft Board'!$A$2:$AB$622,MATCH('Post-Mortem'!H16,'Draft Board'!$F$2:$F$622,0),22) -> 170 | AM16: =INDEX('Draft Board'!$A$2:$AB$622,MATCH('Post-Mortem'!I16,'Draft Board'!$F$2:$F$622,0),22) -> 0 | ... AO16: =INDEX('Draft Board'!$A$2:$AB$622,MATCH('Post-Mortem'!K16,'Draft Board'!$F$2:$F$622,0),22) -> 252 | AP16: =B16-AF16 -> 103 | AQ16: =C16-AG16 -> -13 | AR16: =D16-AH16 -> 138 | AS16: =E16-AI16 -> -97 | AT16: =F16-AJ16 -> -69 | AU16: =G16-AK16 -> 84 | AV16: =H16-AL16 -> -36 | AW16: =I16-AM16 -> 133 | ... AY16: =K16-AO16 -> -121
... A25: =A24+1 -> 23 | B25: =B23+20 -> 221 | C25: =C23+20 -> 222 | D25: =D23+20 -> 223 | E25: =E23+20 -> 224 | F25: =F23+20 -> 225 | G25: =G23+20 -> 226 | H25: =H23+20 -> 227 | I25: =I23+20 -> 228 | ... K25: =K23+20 -> 230 | L25: =INDEX('Draft Board'!$A$2:$AB$622,MATCH('Post-Mortem'!B25,'Draft Board'!$F$2:$F$622,0),3) -> Walter Clar | M25: =INDEX('Draft Board'!$A$2:$AB$622,MATCH('Post-Mortem'!C25,'Draft Board'!$F$2:$F$622,0),3) -> Kauã Prates | N25: =INDEX('Draft Board'!$A$2:$AB$622,MATCH('Post-Mortem'!D25,'Draft Board'!$F$2:$F$622,0),3) -> Negueba | O25: =INDEX('Draft Board'!$A$2:$AB$622,MATCH('Post-Mortem'!E25,'Draft Board'!$F$2:$F$622,0),3) -> João Pedro | P25: =INDEX('Draft Board'!$A$2:$AB$622,MATCH('Post-Mortem'!F25,'Draft Board'!$F$2:$F$622,0),3) -> Isidro Pitta | Q25: =INDEX('Draft Board'!$A$2:$AB$622,MATCH('Post-Mortem'!G25,'Draft Board'!$F$2:$F$622,0),3) -> Matheus Fernandes | R25: =INDEX('Draft Board'!$A$2:$AB$622,MATCH('Post-Mortem'!H25,'Draft Board'!$F$2:$F$622,0),3) -> Miguelito | S25: =INDEX('Draft Board'!$A$2:$AB$622,MATCH('Post-Mortem'!I25,'Draft Board'!$F$2:$F$622,0),3) -> Pedro Raul | ... U25: =INDEX('Draft Board'!$A$2:$AB$622,MATCH('Post-Mortem'!K25,'Draft Board'!$F$2:$F$622,0),3) -> Jefté | V25: =INDEX('Draft Board'!$A$2:$AB$622,MATCH('Post-Mortem'!B25,'Draft Board'!$F$2:$F$622,0),21) -> B | W25: =INDEX('Draft Board'!$A$2:$AB$622,MATCH('Post-Mortem'!C25,'Draft Board'!$F$2:$F$622,0),21) -> 0 | X25: =INDEX('Draft Board'!$A$2:$AB$622,MATCH('Post-Mortem'!D25,'Draft Board'!$F$2:$F$622,0),21) -> B+ | Y25: =INDEX('Draft Board'!$A$2:$AB$622,MATCH('Post-Mortem'!E25,'Draft Board'!$F$2:$F$622,0),21) -> B | Z25: =INDEX('Draft Board'!$A$2:$AB$622,MATCH('Post-Mortem'!F25,'Draft Board'!$F$2:$F$622,0),21) -> 0 | AA25: =INDEX('Draft Board'!$A$2:$AB$622,MATCH('Post-Mortem'!G25,'Draft Board'!$F$2:$F$622,0),21) -> D+ | AB25: =INDEX('Draft Board'!$A$2:$AB$622,MATCH('Post-Mortem'!H25,'Draft Board'!$F$2:$F$622,0),21) -> 0 | AC25: =INDEX('Draft Board'!$A$2:$AB$622,MATCH('Post-Mortem'!I25,'Draft Board'!$F$2:$F$622,0),21) -> 0 | ... AE25: =INDEX('Draft Board'!$A$2:$AB$622,MATCH('Post-Mortem'!K25,'Draft Board'!$F$2:$F$622,0),21) -> 0 | AF25: =INDEX('Draft Board'!$A$2:$AB$622,MATCH('Post-Mortem'!B25,'Draft Board'!$F$2:$F$622,0),22) -> 102 | AG25: =INDEX('Draft Board'!$A$2:$AB$622,MATCH('Post-Mortem'!C25,'Draft Board'!$F$2:$F$622,0),22) -> 0 | AH25: =INDEX('Draft Board'!$A$2:$AB$622,MATCH('Post-Mortem'!D25,'Draft Board'!$F$2:$F$622,0),22) -> 70 | AI25: =INDEX('Draft Board'!$A$2:$AB$622,MATCH('Post-Mortem'!E25,'Draft Board'!$F$2:$F$622,0),22) -> 101 | AJ25: =INDEX('Draft Board'!$A$2:$AB$622,MATCH('Post-Mortem'!F25,'Draft Board'!$F$2:$F$622,0),22) -> 0 | AK25: =INDEX('Draft Board'!$A$2:$AB$622,MATCH('Post-Mortem'!G25,'Draft Board'!$F$2:$F$622,0),22) -> 244 | AL25: =INDEX('Draft Board'!$A$2:$AB$622,MATCH('Post-Mortem'!H25,'Draft Board'!$F$2:$F$622,0),22) -> 0 | AM25: =INDEX('Draft Board'!$A$2:$AB$622,MATCH('Post-Mortem'!I25,'Draft Board'!$F$2:$F$622,0),22) -> 0 | ... AO25: =INDEX('Draft Board'!$A$2:$AB$622,MATCH('Post-Mortem'!K25,'Draft Board'!$F$2:$F$622,0),22) -> 0 | AP25: =B25-AF25 -> 119 | AQ25: =C25-AG25 -> 222 | AR25: =D25-AH25 -> 153 | AS25: =E25-AI25 -> 123 | AT25: =F25-AJ25 -> 225 | AU25: =G25-AK25 -> -18 | AV25: =H25-AL25 -> 227 | AW25: =I25-AM25 -> 228 | ... AY25: =K25-AO25 -> 230
AP26: =AVERAGE(AP3:AP25) -> 52.478261 | AQ26: =AVERAGE(AQ3:AQ25) -> 24.782609 | AR26: =AVERAGE(AR3:AR25) -> 5.9565217 | AS26: =AVERAGE(AS3:AS25) -> 12.695652 | AT26: =AVERAGE(AT3:AT25) -> 15.434783 | AU26: =AVERAGE(AU3:AU25) -> 13.521739 | AV26: =AVERAGE(AV3:AV25) -> 1.7391304 | AW26: =AVERAGE(AW3:AW25) -> 0.17391304 | ... AY26: =AVERAGE(AY3:AY25) -> -24.695652
U27: S | V27: =COUNTIF(V$3:V$25,$U27&"*") -> 5 | W27: =COUNTIF(W$3:W$25,$U27&"*") -> 3 | X27: =COUNTIF(X$3:X$25,$U27&"*") -> 1 | Y27: =COUNTIF(Y$3:Y$25,$U27&"*") -> 2 | Z27: =COUNTIF(Z$3:Z$25,$U27&"*") -> 3 | AA27: =COUNTIF(AA$3:AA$25,$U27&"*") -> 2 | AB27: =COUNTIF(AB$3:AB$25,$U27&"*") -> 2 | AC27: =COUNTIF(AC$3:AC$25,$U27&"*") -> 2 | ... AE27: =COUNTIF(AE$3:AE$25,$U27&"*") -> 0
U28: A | V28: =COUNTIF(V$3:V$25,$U28&"*") -> 7 | W28: =COUNTIF(W$3:W$25,$U28&"*") -> 7 | X28: =COUNTIF(X$3:X$25,$U28&"*") -> 1 | Y28: =COUNTIF(Y$3:Y$25,$U28&"*") -> 3 | Z28: =COUNTIF(Z$3:Z$25,$U28&"*") -> 6 | AA28: =COUNTIF(AA$3:AA$25,$U28&"*") -> 6 | AB28: =COUNTIF(AB$3:AB$25,$U28&"*") -> 1 | AC28: =COUNTIF(AC$3:AC$25,$U28&"*") -> 4 | ... AE28: =COUNTIF(AE$3:AE$25,$U28&"*") -> 3
U29: B | V29: =COUNTIF(V$3:V$25,$U29&"*") -> 8 | W29: =COUNTIF(W$3:W$25,$U29&"*") -> 5 | X29: =COUNTIF(X$3:X$25,$U29&"*") -> 9 | Y29: =COUNTIF(Y$3:Y$25,$U29&"*") -> 4 | Z29: =COUNTIF(Z$3:Z$25,$U29&"*") -> 5 | AA29: =COUNTIF(AA$3:AA$25,$U29&"*") -> 3 | AB29: =COUNTIF(AB$3:AB$25,$U29&"*") -> 7 | AC29: =COUNTIF(AC$3:AC$25,$U29&"*") -> 5 | ... AE29: =COUNTIF(AE$3:AE$25,$U29&"*") -> 4
U30: C | V30: =COUNTIF(V$3:V$25,$U30&"*") -> 3 | W30: =COUNTIF(W$3:W$25,$U30&"*") -> 6 | X30: =COUNTIF(X$3:X$25,$U30&"*") -> 4 | Y30: =COUNTIF(Y$3:Y$25,$U30&"*") -> 5 | Z30: =COUNTIF(Z$3:Z$25,$U30&"*") -> 4 | AA30: =COUNTIF(AA$3:AA$25,$U30&"*") -> 10 | AB30: =COUNTIF(AB$3:AB$25,$U30&"*") -> 7 | AC30: =COUNTIF(AC$3:AC$25,$U30&"*") -> 7 | ... AE30: =COUNTIF(AE$3:AE$25,$U30&"*") -> 8
U31: D | V31: =COUNTIF(V$3:V$25,$U31&"*") -> 0 | W31: =COUNTIF(W$3:W$25,$U31&"*") -> 1 | X31: =COUNTIF(X$3:X$25,$U31&"*") -> 4 | Y31: =COUNTIF(Y$3:Y$25,$U31&"*") -> 4 | Z31: =COUNTIF(Z$3:Z$25,$U31&"*") -> 3 | AA31: =COUNTIF(AA$3:AA$25,$U31&"*") -> 1 | AB31: =COUNTIF(AB$3:AB$25,$U31&"*") -> 3 | AC31: =COUNTIF(AC$3:AC$25,$U31&"*") -> 3 | ... AE31: =COUNTIF(AE$3:AE$25,$U31&"*") -> 5

Sheet Position Value
A1: Position | B1: Average | D1: Deviation | F1: Comments
B2: Top 10 | C2: Top 30 | D2: Top 10 | E2: Top 30
A3: AT | B3: 0.9536 | C3: 0.559067 | D3: 1.203144 | E3: 1.301418 | F3: Highest positional value of top 10, but high deviation (only top of top are worth gold)
A4: FB | B4: 0.7906 | C4: 0.8654 | D4: 0.806391 | E4: 0.890872 | F4: Highest positional value of top 30, deviation not as high as AT; top choices are worth high pick
A5: MD | B5: 0.0096 | C5: -0.234933 | D5: 1.318943 | E5: 1.244857 | F5: Top choices are worth high pick, but value decreases fast
A6: GK | B6: -0.6784 | C6: -0.5106 | D6: 1.258522 | E6: 1.37615 | F6: Low positional value on average, but deviation is so high that top choices are worth decent pick
A7: CB | B7: -1.0754 | C7: -0.678933 | D7: 0.31858 | E7: 0.491676 | F7: Should be last choice
